npl,total assets,debt to equity,ROA,Tier 1 capital ratio,net charge offs,total loans,TBTF ,Bank,date,risk based capital ratio,total liabilities,total interest expense,total debt,interest rate,total equity,ROE,equity assets ratio,NPL_tot_loans,tot_loans_tot_assets,loan deposit ratio
8316,2476986,329.1475,0.6848,12.1,1269,730971,1,JPM,2014-03-31,14.5,2257331,2126,722989,0.00294057,219655,7.8094,0.088678337,0.011376648,0.295105019,56.9867
7981,2520336,316.1226,0.6511,11.1,1158,746983,1,JPM,2014-06-30,12.5,2293022,2063,718591,0.002870896,227314,7.3975,0.090191943,0.010684313,0.296382308,56.6003
7494,2527005,298.8572,0.8854,11.5,1114,743257,1,JPM,2014-09-30,12.7,2295728,1819,691188,0.002631701,231277,10.0889,0.091522177,0.01008265,0.294125655,55.6941
7133,2573126,301.4517,0.8718,12.7,1218,757336,1,JPM,2014-12-31,15,2341061,1889,699564,0.002700253,232065,9.8118,0.090187966,0.009418541,0.294325268,55.5465
6961,2577148,295.6806,0.886,12.3,1052,764185,1,JPM,2015-03-31,14.5,2341284,1888,697404,0.002707183,235864,9.8305,0.091521325,0.009109051,0.296523521,55.8661
6883,2449599,277.891,0.9135,13,1007,791247,1,JPM,2015-06-30,15.2,2208394,1830,670287,0.002730174,241205,9.6901,0.098467137,0.008698927,0.323010827,61.4641
6644,2417121,265.8065,0.9684,13.3,963,809457,1,JPM,2015-09-30,15.6,2171393,1815,653161,0.002778794,245728,10.0372,0.101661439,0.008207972,0.334884766,63.5813
6429,2351698,223.0061,0.9926,13.7,1064,837299,1,JPM,2015-12-31,16,2104125,2262,552103,0.004097062,247573,10.1919,0.105274147,0.007678261,0.356040189,65.4286
7435,2423808,246.0783,0.9617,13.5,1110,847313,1,JPM,2016-03-31,16.1,2173651,2172,615582,0.003528368,250157,9.8959,0.103208257,0.008774798,0.349579257,64.1022
7185,2466096,253.6679,0.9748,13.9,1181,872804,1,JPM,2016-06-30,16.3,2213673,2466,640316,0.003851223,252423,9.7069,0.102357329,0.008232089,0.35392134,65.5771
7138,2521029,256.3608,0.9493,13.6,1121,888054,1,JPM,2016-09-30,15.1,2266698,2467,652005,0.003783713,254331,9.3749,0.100883806,0.0080378,0.352258542,64.5323
6883,2490972,244.6316,1.0215,14.1,1280,894765,1,JPM,2016-12-31,15.5,2236782,2713,621829,0.004362936,254190,9.8584,0.102044503,0.007692523,0.359203154,65.0653
6229,2546290,249.9982,1.0326,14.3,1654,895974,1,JPM,2017-03-31,16.4,2290427,2978,639653,0.004655649,255863,10.1423,0.100484627,0.006952211,0.351874296,62.9638
5891,2563174,245.379,1.0534,14.4,1204,908767,1,JPM,2017-06-30,16.4,2304691,3442,634263,0.005426771,258483,10.3698,0.10084489,0.00648241,0.354547526,63.1319
5633,2563074,243.6141,1.0596,14.3,1265,913761,1,JPM,2017-09-30,16.4,2304692,3889,629455,0.006178361,258382,10.5072,0.100809419,0.006164632,0.3565098,63.4985
5943,2533600,237.3022,0.9729,13.9,1264,930697,1,JPM,2017-12-31,15.9,2277907,3966,606765,0.006536303,255693,9.5869,0.100920824,0.006385537,0.367341727,64.4535
5883,2609785,248.7808,1.0359,13.5,1299.5,934424,1,JPM,2018-03-31,15.3,2353584,4383,637379,0.006876599,256201,10.4303,0.098169389,0.006295857,0.358046352,62.8412
5310,2590050,248.9629,1.0864,13.6,1335,948414,1,JPM,2018-06-30,15.5,2332592,5081,640975,0.007926986,257458,10.8509,0.099402714,0.005598821,0.366175943,65.3123
4644,2615183,249.4883,1.1448,13.6,1252,954318,1,JPM,2018-09-30,15.4,2356227,5531,646065,0.008561058,258956,11.4587,0.099020222,0.004866302,0.364914425,65.4197
4831,2622532,250.3238,1.2596,13.7,1033,984554,1,JPM,2018-12-31,15.5,2366017,6684,642118,0.010409302,256515,12.68,0.097811962,0.00490679,0.375421158,66.9461
5272,2737188,283.7533,1.2321,13.8,1236,956245,1,JPM,2019-03-31,15.7,2477351,6936,737296,0.009407348,259837,12.7669,0.094928445,0.005513231,0.349353059,64.0296
4870,2727379,262.3676,1.2892,14,1361,956889,1,JPM,2019-06-30,15.8,2464164,7205,690591,0.010433093,263215,13.1664,0.096508406,0.00508941,0.350845629,62.7731
4951,2764661,268.8214,1.3003,14.1,1403,945218,1,JPM,2019-09-30,15.9,2500313,6893,710624,0.009699926,264348,13.3678,0.095616786,0.005237945,0.341892912,61.9709
4080,2687379,236.4857,1.3722,14.1,1371,997620,1,JPM,2019-12-31,16,2426049,5761,618008,0.009321886,261330,14.0702,0.097243448,0.004089734,0.371224156,63.8505
6613,3139431,283.7504,1.025,13.3,1469,1015375,1,JPM,2020-03-31,15.5,2878169,4722,741332,0.006369616,261262,11.559,0.083219539,0.006512865,0.323426443,55.3034
9319,3213115,280.4841,0.8468,14.3,1560,978518,1,JPM,2020-06-30,16.7,2948649,2259,741785,0.003045357,264466,9.533,0.08230829,0.009523586,0.304538742,50.6734
11002,3246076,254.4946,0.849,15,1180,989740,1,JPM,2020-09-30,17.3,2974963,1687,689968,0.002445041,271113,9.5301,0.083520226,0.011116051,0.30490352,49.452
10573,3384757,239.0322,0.9595,15,1050,1012853,1,JPM,2020-12-31,17.3,3105403,1292,667746,0.001934867,279354,10.7756,0.082532956,0.01043883,0.299239502,47.2356
9706,3689336,282.6453,1.1881,15,1057,1011307,1,JPM,2021-03-31,17.2,3408622,1382,793425,0.001741816,280714,14.9697,0.076087946,0.009597481,0.274116264,44.3923
9072,3684256,259.9533,1.3868,15.1,734,1040954,1,JPM,2021-06-30,17.1,3397870,1353,744470,0.0018174,286386,17.3647,0.077732383,0.008715083,0.28254117,45.1564
8243,3757576,257.8715,1.4299,15.8,524,1044615,1,JPM,2021-09-30,16.9,3467535,1400,747933,0.001871825,290041,17.8457,0.077188326,0.007890945,0.278002361,43.483
7795,3743567,232.0746,1.3561,15,550,1077714,1,JPM,2021-12-31,16.8,3449440,1418,682594,0.00207737,294127,16.8564,0.078568649,0.007232902,0.287884256,43.7685
7758,3954687,257.9428,1.1072,13.7,582,1073285,1,JPM,2022-03-31,15.4,3668788,1624,737456,0.002202165,285899,14.9365,0.072293711,0.007228276,0.271395688,41.9054
7162,3841314,253.7927,1.0369,14.1,657,1104155,1,JPM,2022-06-30,15.7,3555171,3518,726210,0.004844329,286143,13.6297,0.074490916,0.006486408,0.287442006,44.6747
6674,3773884,253.0279,0.9843,14.1,727,1112633,1,JPM,2022-09-30,16,3485866,8093,728766,0.011105074,288018,12.8246,0.076318721,0.005998384,0.294824377,46.1939
6720,3665743,236.0785,1.017,14.9,887,1135647,1,JPM,2022-12-31,16.8,3373411,12862,690133,0.018636987,292332,12.8486,0.079746998,0.005917332,0.309799951,48.5282
6895,3744305,248.215,1.0915,15.4,1137,1128896,1,JPM,2023-03-31,17.4,3441223,16293,752295,0.021657727,303082,14.2674,0.080944795,0.006107737,0.301496806,47.4874
7273,3868240,266.2388,1.241,15.4,1411,1300069,1,JPM,2023-06-30,17.3,3555724,19865,832039,0.023875083,312516,15.9821,0.08079023,0.005594318,0.336087988,54.193
7520,3898333,276.0492,1.3361,15.9,1497,1310059,1,JPM,2023-09-30,17.8,3580962,21830,876100,0.024917247,317371,16.9323,0.081411978,0.005740199,0.336056207,55.0555
6917,3875393,251.4673,1.3142,16.6,2164,1323706,1,JPM,2023-12-31,18.4,3547515,23333,824506,0.02829937,327878,15.9791,0.084605097,0.005225481,0.341566907,55.1386
7677,4090727,296.1564,1.2852,16.4,1956,1309616,1,JPM,2024-03-31,18.2,3754090,24356,996972,0.024429974,336637,15.741,0.082292707,0.005862024,0.320142605,53.929
7791,4143003,318.3153,1.3488,16.7,2231,1320700,1,JPM,2024-06-30,18.5,3802451,25767,1084029,0.023769659,340552,16.5453,0.082199313,0.005899144,0.318778432,55.1088
8075,4210048,310.2803,1.3264,16.4,2087,1340011,1,JPM,2024-09-30,18.2,3864212,27011,1073061,0.025171915,345836,16.2161,0.082145382,0.00602607,0.31828877,55.127
8837,4002814,272.8264,1.4844,16.8,2364,1347988,1,JPM,2024-12-31,18.5,3658056,24216,940591,0.025745515,344758,17.3856,0.086128908,0.006555696,0.336760089,56.0254
82.872,18221.163,44.7519,0.7914,12,7.785,13660.869,0,Wintrust Financial,2014-03-31,12.6,16281.02,17.32,868.251,0.019948149,1940.143,7.4171,0.106477452,0.006066378,0.749725415,90.2956
77.344,18895.681,50.7343,0.7914,11.7,6.584,14388.777,0,Wintrust Financial,2014-06-30,13.2,16897.446,17.37,1013.791,0.017133709,1998.235,7.5044,0.105750886,0.0053753,0.761484966,92.4944
73.78,19169.345,38.8698,0.7883,11.5,6.989,14669.967,0,Wintrust Financial,2014-09-30,12.9,17140.837,19.006,788.476,0.024104729,2028.508,7.6141,0.105820413,0.005029323,0.765282643,91.3149
70.42,20010.727,63.9106,0.8062,11.7,5.868,14987.397,0,Wintrust Financial,2014-12-31,13,17940.905,18.996,1322.836,0.014360057,2069.822,7.6263,0.103435622,0.004698614,0.748968141,92.0498
73.619,20382.271,46.7118,0.7946,10.1,3.083,15609.108,0,Wintrust Financial,2015-03-31,12.5,18251.197,18.466,995.464,0.018550143,2131.074,7.6611,0.104555277,0.004716413,0.765817901,92.1502
66.339,20790.202,47.934,0.808,10.7,3.854,16204.343,0,Wintrust Financial,2015-06-30,13.1,18525.22,18.349,1085.696,0.016900679,2264.982,7.5642,0.108944685,0.004093902,0.779422105,94.8598
77.605,22035.216,47.5986,0.8126,10.3,5.678,16831.825,0,Wintrust Financial,2015-09-30,12.6,19699.48,19.839,1111.777,0.017844406,2335.736,7.3035,0.106000141,0.004610611,0.763860223,92.3381
73.072,22917.166,65.256,0.7736,10,6.562,17654.828,0,Wintrust Financial,2015-12-31,12.2,20564.892,20.281,1534.999,0.013212386,2352.274,7.0894,0.102642447,0.004138924,0.770375709,94.7166
76.532,23488.168,59.7518,0.7303,9.6,3.493,17899.815,0,Wintrust Financial,2016-03-31,12.1,21069.726,20.722,1445.062,0.014339869,2418.442,7.333,0.102964267,0.004275575,0.762077953,93.1454
77.163,24420.616,48.5268,0.7605,10.1,4.91,18834.159,0,Wintrust Financial,2016-06-30,12.4,21797.021,21.794,1273.147,0.017118212,2623.595,7.0785,0.107433613,0.004096971,0.771240128,93.9746
75.314,25321.759,39.3912,0.7654,9.8,5.713,19756.835,0,Wintrust Financial,2016-09-30,12.1,22647.285,23.513,1053.507,0.022318789,2674.474,7.4959,0.105619598,0.003812048,0.780231539,93.4233
75.457,25668.553,30.0063,0.793,9.7,2.767,20179.691,0,Wintrust Financial,2016-12-31,11.9,22972.936,24.235,808.854,0.029962144,2695.617,8.1965,0.105016321,0.003739254,0.786163949,93.1716
71.76,25778.893,31.0646,0.8516,10,1.594,20272.381,0,Wintrust Financial,2017-03-31,12.2,23013.91,23.179,858.931,0.02698587,2764.983,8.3397,0.107257631,0.003539791,0.786394552,93.2309
61.84,26929.265,34.997,0.8774,9.8,5.256,21176.288,0,Wintrust Financial,2017-06-30,12,24089.807,26.772,993.726,0.026941028,2839.458,8.4567,0.105441348,0.002920247,0.786367099,93.2902
61.5,27358.162,38.3007,0.8997,10,4.469,21329.664,0,Wintrust Financial,2017-09-30,12.2,24449.237,31.7,1053.933,0.030077813,2908.925,8.7226,0.106327501,0.002883308,0.779645358,93.6768
80.936,27907.467,44.796,0.9245,10,3.691,21901.6515,0,Wintrust Financial,2017-12-31,12.1,25425.522,33.9115,1114.14,0.030437378,2970.0875,9.0000625,0.106426266,0.003695429,0.784795392,93.1627
77.899,28456.772,51.2913,0.938725,10,6.734,22473.639,0,Wintrust Financial,2018-03-31,12,26357.717,36.123,1554.769,0.023233677,3031.25,9.277525,0.106521218,0.003466239,0.789746602,96.539
114.844,29464.588,42.3389,0.95295,10,1.1,23066.272,0,Wintrust Financial,2018-06-30,12.1,26962.909,45.877,1315.415,0.034876446,3106.871,9.83245,0.105444237,0.004978871,0.782847261,94.6678
105.326,30142.731,43.4398,0.9814,10,4.668,23462.062,0,Wintrust Financial,2018-09-30,12,27977.279,57.399,1381.309,0.041554062,3179.822,10.387375,0.105492167,0.004489205,0.778365504,94.1619
110.612,31244.849,37.1211,1.0383,9.7,7.158,24084.761,0,Wintrust Financial,2018-12-31,11.6,28481.964,66.508,1212.957,0.054831292,3267.57,10.6648375,0.104579478,0.004592614,0.770839411,92.2976
189.34,32358.621,40.3623,1.0952,9.8,5.139,24463.186,0,Wintrust Financial,2019-03-31,11.7,28986.649,71.984,1361.005,0.052890327,3371.972,10.9423,0.104206295,0.007739793,0.756002118,91.2644
114.284,33641.769,49.2407,1.1521,9.6,22.29,25699.634,0,Wintrust Financial,2019-06-30,12.4,30194.819,80.612,1697.303,0.047494172,3446.95,10.4433,0.102460427,0.004446912,0.763920411,93.3893
105.908,34911.902,47.4728,1.0846,9.7,9.449,26174.898,0,Wintrust Financial,2019-09-30,12.4,31371.577,89.775,1680.691,0.05341553,3540.325,10.3983,0.101407394,0.004046167,0.749741392,91.1688
160.415,36620.583,49.0225,1.0741,9.6,12.669,27177.603,0,Wintrust Financial,2019-12-31,12.2,32929.333,87.852,1809.542,0.048549301,3691.25,10.2229,0.100797139,0.005902471,0.742140096,90.2696
151.116,38799.847,63.5647,1.0482,9.3,5.285,28464.255,0,Wintrust Financial,2020-03-31,11.9,35099.454,82.624,2352.142,0.035127131,3700.393,9.3141,0.09537133,0.005308974,0.733617712,90.4728
160.751,43540.017,60.8191,0.9257,10.1,15.403,32236.066,0,Wintrust Financial,2020-06-30,12.8,39549.799,66.685,2426.815,0.027478403,3990.218,7.2489,0.091644842,0.004986682,0.740377892,90.419
114.15,43731.718,59.5414,0.6985,10.2,9.284,33095.226,0,Wintrust Financial,2020-09-30,12.9,39657.629,55.22,2425.768,0.022763925,4074.089,7.2954,0.093160964,0.003449138,0.756778547,92.3302
94.115,45080.768,64.6346,0.7064,10,10.337,33351.163,0,Wintrust Financial,2020-12-31,12.6,40964.773,48.584,2660.358,0.018262204,4115.995,7.5056,0.091302681,0.002821941,0.739809113,89.9131
82.698,45682.202,57.2948,0.7172,10.2,13.345,34431.426,0,Wintrust Financial,2021-03-31,12.6,41429.691,43.574,2436.469,0.017884077,4252.511,9.6399,0.093089011,0.002401817,0.753716425,90.9137
83.94,46738.45,56.461,0.9075,10.1,1.922,33896.181,0,Wintrust Financial,2021-06-30,12.4,42399.439,39.989,2449.849,0.016323047,4339.011,11.2081,0.092836005,0.002476385,0.725231175,87.3509
67.069,47832.271,55.2641,1.0341,9.9,0.002,34189.355,0,Wintrust Financial,2021-09-30,12.1,43421.954,34.961,2437.323,0.014344016,4410.317,11.0461,0.092203797,0.001961692,0.714775909,85.5749
44.899,50142.143,54.4668,1.0235,9.6,6.181,35607.016,0,Wintrust Financial,2021-12-31,11.6,45643.455,32.003,2450.293,0.013060887,4498.688,10.8222,0.089718702,0.001260959,0.710121544,84.5861
65.879,50250.661,53.7508,0.9791,9.6,2.532,35887.092,0,Wintrust Financial,2022-03-31,11.6,45758.405,28.958,2414.623,0.011992762,4492.256,10.0722,0.089396953,0.00183573,0.714161591,85.0016
78.91,50969.332,49.4876,0.9181,9.9,9.496,37566.335,0,Wintrust Financial,2022-06-30,11.9,46241.709,34.164,2339.586,0.014602584,4727.623,9.4809,0.092754266,0.002100551,0.737038009,88.1977
67.1,52382.939,74.4745,0.8798,9.9,3.169,38543.773,0,Wintrust Financial,2022-09-30,11.8,47744.959,65.03,3454.112,0.018826836,4637.98,10.2477,0.088539897,0.001740878,0.73580776,90.0615
90.218,52949.649,75.5735,0.9253,10,5.079,39496.42,0,Wintrust Financial,2022-12-31,11.9,48152.811,123.929,3625.137,0.034186018,4796.838,10.9662,0.090592442,0.002284207,0.745924114,92.0608
93.549,52873.511,71.5915,0.9888,10.1,5.465,39867.964,0,Wintrust Financial,2023-03-31,12.1,47858.005,181.695,3590.678,0.050601864,5015.506,11.8322,0.094858577,0.00234647,0.754025281,93.3278
104.85,54286.176,67.0873,1.0909,10.1,17.03,41362.136,0,Wintrust Financial,2023-06-30,11.9,49244.264,249.639,3382.484,0.073803453,5041.912,12.7483,0.092876536,0.002534927,0.761927604,93.9222
118.743,55555.246,72.9994,1.1833,10.2,8.118,41750.84,0,Wintrust Financial,2023-09-30,12,50539.633,300.042,3661.367,0.081948081,5015.613,13.3414,0.090281537,0.002844086,0.751519307,92.7947
122.408,56259.934,68.2983,1.1932,10.3,14.889,42424.553,0,Wintrust Financial,2023-12-31,12.1,50860.408,323.874,3687.784,0.087823473,5399.526,12.2127,0.095974624,0.00288531,0.754081101,93.452
151.399,57576.933,72.5423,1.1402,10.3,21.75,43570.59,0,Wintrust Financial,2024-03-31,12.2,52140.533,341.319,3943.69,0.086548131,5436.4,12.0499,0.094419757,0.003474798,0.756736904,93.8034
161.059,59781.516,78.2889,1.1403,10.3,29.986,45087.382,0,Wintrust Financial,2024-06-30,12.1,54244.888,379.369,4334.567,0.087521776,5536.628,11.861,0.092614379,0.003572152,0.75420272,93.8362
154.641,63788.424,68.286,1.1,10.6,26.735,47528.514,0,Wintrust Financial,2024-09-30,12.2,57388.71,406.021,4370.106,0.09290873,6399.714,11.0932,0.1003272,0.003253647,0.745096226,92.459
154.641,64879.668,66.7995,1.0611,10.7,15.925,48386.298,0,Wintrust Financial,2024-12-31,12.3,58535.371,388.353,4237.961,0.091636756,6344.297,11.8368,0.097785596,0.003195967,0.745785228,92.1427
17109,2149851,258.0461,1.1475,11.9,1388,928534,1,Bank of America,2014-03-31,14.8,1917963,2850,598378,0.004762876,231888,4.1229,0.107862359,0.01842582,0.431906211,81.9066
14676,2170557,256.5656,0.3703,12.5,1073,921099,1,Bank of America,2014-06-30,15.3,1933146,2928,609115,0.004806974,237411,3.3946,0.109377915,0.015933141,0.424360659,81.2021
13540,2123613,242.2405,0.2457,12.8,1043,899224,1,Bank of America,2014-09-30,15.8,1884932,2639,578182,0.004564307,238681,2.2176,0.112393831,0.015057427,0.423440617,80.8668
11932,2104534,225.8092,0.2298,13.1,879,894227,1,Bank of America,2014-12-31,14.6,1861063,2517,549780,0.004578195,243471,2.03,0.115688794,0.013343368,0.424904991,79.9176
11205,2143545,219.7056,0.3823,12.3,1194,887688,1,Bank of America,2015-03-31,15.3,1893357,2512,549677,0.004569957,250188,3.4044,0.116716934,0.012622678,0.414121467,76.9782
10747,2149034,226.0746,0.5116,12.5,1068,893363,1,Bank of America,2015-06-30,15.5,1897375,2644,568937,0.004647263,251659,4.5184,0.117103312,0.012029824,0.415704451,77.7135
9799,2153006,213.0853,0.7436,12.9,932,896531,1,Bank of America,2015-09-30,15.8,1897101,2496,545296,0.00457733,255905,6.4296,0.118859399,0.010929906,0.416408965,77.1535
9377,2144287,197.5657,0.7595,12.9,1144,904436,1,Bank of America,2015-12-31,15.7,1888111,2897,506116,0.005723984,256176,6.4582,0.119469082,0.010367787,0.421788688,75.5422
8850,2185498,200.4342,0.7627,11.5,1068,907305,1,Bank of America,2016-03-31,13.5,1922722,2523,526693,0.004790267,262776,6.4367,0.120236212,0.009754162,0.415147943,74.5366
8364,2186609,192.8386,0.7454,13.4,985,912001,1,Bank of America,2016-06-30,16.3,1919540,2456,515012,0.004768821,267069,6.2299,0.122138434,0.009171043,0.417084627,74.9945
8349,2195314,187.8008,0.7586,13.7,888,915594,1,Bank of America,2016-09-30,16.4,1925231,2409,507218,0.004749437,270083,6.2716,0.123027048,0.009118671,0.417067445,74.2637
7707,2188067,178.0984,0.8192,13.6,880,915749,1,Bank of America,2016-12-31,16.3,1921872,2573,474089,0.005427251,266195,6.794,0.121657609,0.008416062,0.418519634,72.6247
7274,2247701,197.2486,0.8847,13.6,934,920993,1,Bank of America,2017-03-31,16.3,1979548,2652,528928,0.005013915,268153,7.3871,0.11930101,0.007897997,0.409748895,72.3971
6802,2254529,197.3368,0.8977,14,908,922548,1,Bank of America,2017-06-30,16.7,1983542,3160,534757,0.005909226,270987,7.4093,0.120196724,0.007373058,0.409197664,73.0453
6570,2283896,197.3027,0.911,14,900,940360,1,Bank of America,2017-09-30,16.5,2011437,3496,537569,0.006503351,272459,7.5209,0.119295712,0.006986686,0.411735035,73.213
6470,2281234,193.9464,0.8159,13.4,1237,948179,1,Bank of America,2017-12-31,15.9,2014088,3604,518120,0.006955918,267146,6.8369,0.117105917,0.006823606,0.415643025,72.4052
6378,2328478,206.2455,0.8659,13,911,943305,1,Bank of America,2018-03-31,15.4,2062254,3830,549075,0.006975368,266224,7.4154,0.114333913,0.006761334,0.405116561,70.9965
5897,2291670,201.4064,0.9454,13,996,942335,1,Bank of America,2018-06-30,15.3,2027454,4541,532148,0.00853334,264216,8.031,0.115294087,0.006257859,0.411200129,71.9509
5154,2338833,200.1461,1.0052,12.9,932,935377,1,Bank of America,2018-09-30,15.2,2076675,4904,524699,0.009346311,262158,8.6918,0.112089234,0.005510078,0.399933215,69.5112
4944,2354507,190.2335,1.2143,13.2,924,957262,1,Bank of America,2018-12-31,15.4,2089182,5332,504737,0.010563917,265325,10.5722,0.112688134,0.00516473,0.406565791,69.2927
4850,2377164,198.7667,1.213,13.1,991,951912,1,Bank of America,2019-03-31,15.4,2110154,5795,530727,0.010918985,267010,10.7045,0.112322919,0.005095009,0.400440188,69.0123
4187,2395892,203.602,1.2418,13.3,887,969216,1,Bank of America,2019-06-30,15.6,2124484,6035,552592,0.010921258,271408,10.8673,0.113280565,0.004319986,0.404532425,70.4837
3476,2426330,210.4893,1.1632,12.9,811,982721,1,Bank of America,2019-09-30,15.2,2157943,5729,564926,0.010141151,268387,10.4474,0.110614385,0.003537118,0.405023637,70.5554
3552,2434079,197.7036,1.1456,12.6,959,992584,1,Bank of America,2019-12-31,14.8,2169269,4786,523539,0.00914163,264810,10.3483,0.108792689,0.003578538,0.407786272,69.1791
4056,2619954,201.5809,0.9657,12.3,1122,1058647,1,Bank of America,2020-03-31,14.6,2355036,3968,534024,0.007430378,264918,9.0723,0.101115516,0.003831305,0.404070835,66.8623
4393,2741688,203.1238,0.7908,13.2,1146,1006325,1,Bank of America,2020-06-30,15.8,2476051,1692,539572,0.003135819,265637,7.5651,0.096888121,0.004365389,0.367045776,58.5527
4550,2738452,204.2157,0.7519,13.5,972,959606,1,Bank of America,2020-09-30,16.1,2469602,1357,549034,0.002471614,268850,7.2288,0.098175904,0.004741529,0.350419142,56.3519
4952,2819627,195.7952,0.6812,13.5,909,937104,1,Bank of America,2020-12-31,16.1,2546703,1208,534372,0.002260597,272924,6.6553,0.096794363,0.005284365,0.332350343,52.1924
5162,2970028,209.9146,0.7848,13.3,823,910983,1,Bank of America,2021-03-31,15.6,2696028,1198,575166,0.002082877,274000,8.14,0.092255023,0.005666407,0.306725391,48.3287
4907,3029894,223.7703,0.9573,13,595,927205,1,Bank of America,2021-06-30,15.1,2752775,1154,620110,0.00186096,277119,10.1795,0.091461615,0.005292249,0.306018956,48.5666
4714,3085446,227.0186,1.0452,12.6,463,937151,1,Bank of America,2021-09-30,14.7,2812982,1242,618544,0.002007941,272464,11.2449,0.088306196,0.005030139,0.30373275,47.6969
4567,3128528,225.0365,1.0752,12.1,362,953792,1,Bank of America,2021-12-31,14.1,2858462,1144,607747,0.001882362,270066,11.7785,0.086323664,0.004788256,0.304869255,47.1362
4625,3238223,238.2841,0.9985,12,392,1003415,1,Bank of America,2022-03-31,14,2971606,1322,635306,0.002080887,266617,11.4665,0.082334354,0.004609259,0.309865936,48.4178
4164,3111606,224.8798,0.9124,12.3,571,1037420,1,Bank of America,2022-06-30,14.2,2842488,2531,605192,0.004182144,269118,10.2586,0.086488456,0.004013803,0.333403394,52.2801
3983,3072953,219.1126,0.8901,12.8,520,1040095,1,Bank of America,2022-09-30,14.7,2803429,5856,590561,0.009915995,269524,10.1142,0.087708468,0.003829458,0.338467591,53.6658
3808,3051375,215.7077,0.8909,13,689,1052618,1,Bank of America,2022-12-31,14.9,2778178,10394,589307,0.017637666,273197,10.1343,0.089532424,0.003617647,0.344965139,54.5302
3918,3194657,266.6951,0.8899,13.1,807,1053215,1,Bank of America,2023-03-31,15,2914461,14207,747269,0.019011895,280196,10.4687,0.087707694,0.003720038,0.32968015,55.1305
4126,3123198,251.8486,0.9554,13.3,869,1058012,1,Bank of America,2023-06-30,15.1,2839879,18196,713535,0.025501202,283319,10.7824,0.09071439,0.003899767,0.338759182,56.3609
4833,3153090,255.7193,0.9799,13.6,931,1056740,1,Bank of America,2023-09-30,15.4,2866026,19245,734078,0.02621656,287064,10.9607,0.091042121,0.0045735,0.335144255,56.0723
5485,3180151,248.0751,0.851,13.5,1192,1059734,1,Bank of America,2023-12-31,15.2,2888505,21683,723501,0.029969551,291646,9.3884,0.091708224,0.005175827,0.333233862,55.0847
5883,3273803,265.447,0.7738,13.6,1498,1057727,1,Bank of America,2024-03-31,15.2,2980251,22253,779225,0.028557862,293552,8.7244,0.089666971,0.005561927,0.323088164,54.3401
5473,3257996,271.989,0.7684,13.5,1533,1063828,1,Bank of America,2024-06-30,15.1,2964104,23152,799354,0.028963388,293892,8.495,0.090206372,0.005144629,0.326528332,55.6835
5629,3324293,280.4747,0.729,13.2,1534,1086151,1,Bank of America,2024-09-30,14.9,3027781,23524,831641,0.028286244,296512,8.0918,0.089195507,0.005182521,0.326731428,56.267
5975,3261519,257.1757,0.8424,13.2,1466,1105380,1,Bank of America,2024-12-31,15.1,2965960,21618,760106,0.02844077,295559,9.2411,0.090620045,0.005405381,0.338915702,56.2401
14.34,3542.061,40.9765,0.8395,17.35,1.141,2232.632,0,Busey,2014-03-31,18.64,3121.727,1.694,172.238,0.009835228,420.334,7.2371,0.118669328,0.006422913,0.630320031,76.2726
11.232,3507.449,45.8243,0.8812,17.2,0.998,2324.068,0,Busey,2014-06-30,18.49,3080.682,1.635,195.563,0.008360477,426.767,7.3913,0.121674471,0.004832905,0.662609207,81.2177
8.681,3520.917,56.341,0.9103,17.37,0.414,2379.915,0,Busey,2014-09-30,18.66,3090.889,1.6,242.282,0.006603875,430.028,7.6032,0.122135228,0.003647609,0.675936127,84.233
9,3665.607,70.0797,0.9097,17.38,-0.439,2415.69,0,Busey,2014-12-31,18.66,3231.968,1.57,303.893,0.005166292,433.639,7.7206,0.11829937,0.003725644,0.659015001,83.2753
10.202,3937.184,65.6378,0.873,16.36,0.301,2484.851,0,Busey,2015-03-31,17.64,3497.384,1.593,288.675,0.005518316,439.8,7.5914,0.111704203,0.004105679,0.63112392,78.0446
8.377,3885.274,63.1178,0.9306,16.18,-0.068,2514.576,0,Busey,2015-06-30,17.46,3442.686,1.559,279.352,0.005580773,442.588,7.9137,0.113914231,0.003331377,0.647206864,80.1908
7.875,3863.565,63.4721,0.9727,15.8,0.608,2581.014,0,Busey,2015-09-30,17.07,3419.337,1.535,281.961,0.005444015,444.228,8.2164,0.114978783,0.003051126,0.668039492,82.9767
12.748,3998.976,82.5251,1.0178,13.29,2.407,2637.09,0,Busey,2015-12-31,14.55,3625.79,1.52,307.972,0.004935514,373.186,9.669,0.09332039,0.004834116,0.659441317,80.1765
17.368,3890.63,78.5727,1.0649,13.76,3.316,2585.512,0,Busey,2016-03-31,15.02,3507.366,1.582,301.141,0.005253353,383.264,10.1278,0.098509496,0.006717432,0.664548415,81.2613
22.443,5510.199,83.4404,0.9393,12.59,0.913,4059.091,0,Busey,2016-06-30,13.65,4922.082,2.586,490.727,0.005269732,588.117,8.5623,0.106732443,0.00552907,0.736650528,92.578
16.253,5592.241,102.319,1.0348,12.8,-0.539,4073.995,0,Busey,2016-09-30,13.91,4996.167,3.057,609.897,0.005012322,596.074,9.4053,0.106589469,0.00398945,0.728508482,93.9465
21.423,5425.17,69.8326,1.0546,12.92,1.552,4135.219,0,Busey,2016-12-31,14.04,4830.856,3.004,415.025,0.007238118,594.314,10.2727,0.109547535,0.00518062,0.762228465,94.5345
20.544,5438.935,52.1268,1.1668,13.69,-0.147,3969.396,0,Busey,2017-03-31,14.87,4836.588,2.914,313.984,0.009280728,602.347,11.0449,0.110747233,0.005175599,0.729811259,88.4931
18.935,5531.367,77.9475,1.0601,13.6,-0.259,4088.879,0,Busey,2017-06-30,16.18,4918.252,3.643,477.908,0.007622806,613.115,9.7443,0.110843305,0.004630854,0.739216725,93.0515
27.43,6913.789,78.5832,0.9897,12.26,-0.34,5225.56,0,Busey,2017-09-30,14.38,6077.721,6.578,657.009,0.010012039,836.068,8.6427,0.120927613,0.005249198,0.755817107,97.2508
24.624,7860.64,80.1808,0.9443,12.14,0.262,5614.348,0,Busey,2017-12-31,14.15,6925.637,7.801,749.693,0.010405593,935.003,8.2031,0.118947439,0.004385906,0.714235482,91.6484
32.588,7778.746,48.8753,1.0512,12.32,1.941,5560.487,0,Busey,2018-03-31,14.32,6836.6,8.876,460.477,0.019275664,942.146,8.9962,0.12111798,0.005860638,0.714830771,87.8271
25.215,7775.544,64.284,1.1702,12.44,1.602,5589.261,0,Busey,2018-06-30,14.42,6818.362,9.953,615.315,0.016175455,957.182,9.9161,0.123101612,0.00451133,0.718825718,90.6772
40.395,7889.385,69.5013,1.161,12.5,1.32,5656.358,0,Busey,2018-09-30,14.34,6917.245,11.987,675.65,0.017741434,972.14,9.5045,0.123221265,0.007141521,0.716958039,91.2968
34.997,7702.357,40.769,1.2713,12.99,2.5,5594.323,0,Busey,2018-12-31,14.83,6707.393,13.811,405.637,0.034047683,994.964,10.2518,0.129176562,0.006255806,0.726313127,89.5189
36.23,9537.334,43.6888,1.1836,12.42,1.844,6535.372,0,Busey,2019-03-31,13.95,8351.193,15.898,518.211,0.030678623,1186.141,9.6303,0.124368193,0.005543678,0.68524097,84.1837
32.816,9612.667,40.6232,1.1698,12.43,2.057,6571.733,0,Busey,2019-06-30,13.96,8409.059,18.038,488.944,0.03689175,1203.608,9.4135,0.125210621,0.004993508,0.683653454,83.8957
31.827,9753.76,40.9198,1.1299,12.42,1.821,6739.76,0,Busey,2019-09-30,13.95,8537.779,18.215,497.577,0.036607399,1215.981,9.1103,0.124667923,0.004722275,0.690990961,84.9857
27.896,9695.729,39.1192,1.1835,12.49,1.584,6755.948,0,Busey,2019-12-31,14.03,8475.295,16.86,477.424,0.035314521,1220.434,9.2943,0.125873361,0.004129102,0.69679629,85.4924
25.672,9721.405,33.1542,0.9642,12.2,3.413,6835.442,0,Busey,2020-03-31,13.85,8503.82,15,403.681,0.037158053,1217.585,7.7253,0.125247842,0.003755719,0.703133138,85.7299
25.095,10835.965,44.9583,0.9249,12.73,1.229,7337.16,0,Busey,2020-06-30,16.23,9599.881,10.42,555.722,0.018750382,1236.084,7.7525,0.114072351,0.003420261,0.677111822,82.3506
23.898,10539.628,40.7629,0.9912,13.08,2.754,7209.083,0,Busey,2020-09-30,16.63,9283.923,9.876,511.862,0.019294263,1255.705,8.1378,0.119141302,0.003314985,0.68399786,83.4124
22.93,10544.047,38.2884,0.9916,13.44,0.934,6856.99,0,Busey,2020-12-31,17.04,9273.978,8.367,486.289,0.017205818,1270.069,8.0581,0.120453655,0.003344033,0.650318611,79.0172
21.706,10759.563,41.118,1.1991,13.84,0.309,6817.572,0,Busey,2021-03-31,17.39,9493.741,7.438,520.481,0.014290627,1265.822,9.8893,0.117646228,0.003183831,0.63362908,76.8277
27.725,12415.449,43.9962,1.0903,13.18,1.011,7203.484,0,Busey,2021-06-30,16.41,11069.758,7.146,592.053,0.012069865,1345.691,9.8193,0.108388428,0.003848832,0.580203261,69.6856
25.369,12899.33,46.0145,1.0399,12.84,0.739,7170.86,0,Busey,2021-09-30,15.91,11566.254,7.109,613.408,0.01158935,1333.076,9.4151,0.103344592,0.00353779,0.555909493,66.2872
15.946,12859.689,48.4277,1.055,12.73,0.179,7212.873,0,Busey,2021-12-31,15.7,11540.577,6.409,638.816,0.010032623,1319.112,9.5358,0.102577286,0.00221077,0.560890158,66.9807
12.488,12567.509,50.891,0.978,12.76,-0.579,7279.638,0,Busey,2022-03-31,15.8,11349.484,6.035,619.865,0.009735991,1218.025,9.1851,0.09691857,0.00171547,0.579242712,68.7288
15.84,12356.433,55.2911,0.9214,12.62,1.109,7502.591,0,Busey,2022-06-30,16.58,11194.476,6.668,642.459,0.010378872,1161.957,9.1026,0.094036604,0.002111271,0.607180972,72.1595
15.425,12497.388,53.1122,0.9753,12.62,0.399,7674.66,0,Busey,2022-09-30,15.98,11390.8,9.11,587.733,0.015500236,1106.588,10.153,0.088545542,0.002009861,0.614101123,72.3929
15.067,12336.677,80.0804,1.0185,12.78,-0.027,7726.955,0,Busey,2022-12-31,16.12,11190.7,14.735,917.703,0.016056393,1145.977,10.4103,0.09289187,0.001949927,0.626340059,76.7227
14.714,12344.555,96.8224,1.0971,12.99,0.834,7786.522,0,Busey,2023-03-31,16.4,11145.997,25.248,1160.473,0.021756646,1198.558,11.31,0.097092038,0.001889676,0.63076571,79.4448
15.209,12209.029,62.0132,1.1089,13.17,0.715,7806.829,0,Busey,2023-06-30,16.56,11007.081,38.229,745.366,0.051288897,1201.948,11.5231,0.098447469,0.001948166,0.639430785,77.5814
11.298,12258.25,43.9519,1.06,13.33,0.293,7859.211,0,Busey,2023-09-30,16.72,11068.092,44.878,523.097,0.085792884,1190.158,11.4251,0.097090368,0.001437549,0.641136459,76.064
7.441,12283.415,41.1625,0.9957,13.93,0.869,7653.413,0,Busey,2023-12-31,17.44,11011.434,51.567,523.579,0.098489435,1271.981,10.1379,0.103552717,0.000972246,0.623068829,74.3688
17.465,11887.458,35.3339,0.9244,14.115,5.216,7594.904,0,Busey,2024-03-31,17.95,10604.807,49.966,453.211,0.110248869,1282.651,9.0282,0.107899519,0.002299568,0.638900596,76.2526
8.393,11971.416,34.0146,0.9098,14.3,15.072,8010.198,0,Busey,2024-06-30,17.5,10637.606,49.407,453.69,0.10890035,1333.81,8.6757,0.111416227,0.001047789,0.669110321,80.2936
8.192,11986.839,31.5161,0.9184,14.04,0.247,7820.62,0,Busey,2024-09-30,18.19,10583.955,51.959,442.135,0.117518405,1402.884,8.5872,0.117035359,0.001047487,0.65243389,78.6526
23.237,12046.722,33.9188,0.9346,14.65,2.85,7700.744,0,Busey,2024-12-31,18.53,10663.453,49.738,469.188,0.106008679,1383.269,8.5635,0.114825344,0.003017501,0.639239787,77.1425
259.9,103832.6,80.6223,0.7601,13,1.5,29660.8,0,Northern Trust,2014-03-31,15.5,95884.3,49.7,6408.1,0.007755809,7948.3,9.6231,0.076549176,0.008762407,0.285659802,34.3823
229.3,105761.2,67.978,0.7286,12.9,5.9,30697.6,0,Northern Trust,2014-06-30,14.9,97718.6,47.2,5467.2,0.008633304,8042.6,9.3802,0.076044901,0.007469639,0.290253893,34.5451
220.5,111153.7,79.4173,0.7121,13.4,5.2,30719.9,0,Northern Trust,2014-09-30,15.3,102611.1,44.5,6784.3,0.006559262,8542.6,9.0161,0.076853942,0.007177758,0.276373166,33.4922
215.7,109946.5,81.5787,0.7626,13.2,5.4,31640.2,0,Northern Trust,2014-12-31,15,101497.6,40,6892.5,0.00580341,8448.9,9.9237,0.076845557,0.006817277,0.287778147,34.8625
219.6,106952,82.153,0.817,12.4,4.6,32630.2,0,Northern Trust,2015-03-31,14.2,98344.4,38.2,7071.4,0.005402042,8607.6,10.4023,0.080480963,0.006729962,0.305092004,37.6199
208.7,119942.9,78.1868,0.8404,11.2,2.6,32953.8,0,Northern Trust,2015-06-30,13.2,111193.6,37.6,6840.8,0.005496433,8749.3,11.2959,0.072945543,0.006333109,0.274745733,32.7287
198.6,119995.2,91.9517,0.8466,11,9.4,33378.4,0,Northern Trust,2015-09-30,12.8,111210.7,36.8,8077.5,0.004555865,8784.5,11.2944,0.073207095,0.005949956,0.27816446,33.3998
180.1,116749.6,93.0312,0.8591,11.4,2.9,33180.9,0,Northern Trust,2015-12-31,13.2,108043.7,41.3,8099.2,0.005099269,8705.9,11.3531,0.074568992,0.005427821,0.284205685,34.2534
164,117798.8,90.1164,0.8796,12.1,2.7,34144.9,0,Northern Trust,2016-03-31,13.6,108966,44.2,7959.8,0.005552903,8832.8,11.3357,0.074982088,0.00480306,0.289857791,34.9632
152.2,121509.6,112.847,0.8137,12,2.4,34557.1,0,Northern Trust,2016-06-30,13.5,112558.1,45,10101.5,0.004454784,8951.5,11.0989,0.073669076,0.004404305,0.284398105,34.8755
173.3,120085,82.0205,0.8375,13.1,-0.8,33423,0,Northern Trust,2016-09-30,14.5,110505.2,46.1,7857.4,0.005867081,9579.8,10.9484,0.079775159,0.005185052,0.278327851,33.6006
160.2,123926.9,91.0188,0.858,12.9,10.9,33822.1,0,Northern Trust,2016-12-31,14.5,114156.5,46.7,8892.9,0.00525138,9770.4,11.1765,0.078840026,0.004736548,0.272919762,33.2725
179.9,121488.7,79.9363,0.8886,13.4,2,33471.8,0,Northern Trust,2017-03-31,15,111511,56.8,7975.8,0.007121543,9977.7,11.3043,0.082128626,0.005374674,0.27551369,33.2955
159,125605.7,80.6563,0.8645,13.5,3.2,33499,0,Northern Trust,2017-06-30,15.6,115537.8,75.7,8120.4,0.009322201,10067.9,11.2317,0.080154802,0.00474641,0.26669968,32.1142
137.3,131400.2,119.5884,0.8819,13.4,-1.6,33336.1,0,Northern Trust,2017-09-30,15.4,121235,99.6,12156.4,0.008193215,10165.2,11.2322,0.077360613,0.004118658,0.253699005,31.5054
150.7,138590.5,121.3318,0.9135,13.8,6.6,32592.2,0,Northern Trust,2017-12-31,15.8,128374.3,108.1,12395.5,0.008720907,10216.2,11.998,0.073715009,0.004623806,0.235169077,28.999
124.7,129672.2,42.4447,1.0388,13.6,3,32108.9,0,Northern Trust,2018-03-31,15.5,119446.2,121.9,4340.4,0.028084969,10226,12.9135,0.078860388,0.003883658,0.247615912,30.5243
128.4,135106.2,145.0548,1.0947,13.6,0.1,32473.2,0,Northern Trust,2018-06-30,15.6,124748.6,154.4,15024.2,0.010276754,10357.6,13.9727,0.076662655,0.00395403,0.240353144,30.4841
113.6,132378.5,57.7076,1.1397,14.2,-0.3,31354,0,Northern Trust,2018-09-30,16.2,122014,191,5981.1,0.031933925,10364.5,14.6432,0.078294436,0.003623142,0.23685115,29.8919
109.3,132212.5,58.6565,1.1495,14.1,-1.7,32490,0,Northern Trust,2018-12-31,16.1,121704.2,231.4,6163.8,0.037541776,10508.3,15.0199,0.079480382,0.003364112,0.245740758,31.0919
116.1,121869.4,43.6003,1.2101,14.3,-1.2,30620.6,0,Northern Trust,2019-03-31,16.3,111253.2,240.8,4628.7,0.052023246,10616.2,14.604,0.087111285,0.003791565,0.251257494,31.9483
115.1,126550.9,46.0506,1.1625,14.5,-1.2,30982.3,0,Northern Trust,2019-06-30,16.4,115745.4,222.8,4976,0.04477492,10805.5,14.3731,0.085384616,0.003715024,0.244820859,30.9111
113.1,124355.8,46.7428,1.1927,14.1,-0.6,30844.2,0,Northern Trust,2019-09-30,16,113544.5,203.1,5053.5,0.040189967,10811.3,14.4599,0.086938446,0.003666816,0.248031857,31.7118
83.6,136828.4,50.8926,1.1093,14.5,0.7,31409.6,0,Northern Trust,2019-12-31,16.3,125737.4,155.3,5644.5,0.027513509,11091,13.8171,0.081057734,0.002661607,0.229554683,28.7843
103.9,161709.2,78.5582,1.0619,12.8,-2.6,37837.7,0,Northern Trust,2020-03-31,14.5,150829.5,121.1,8546.9,0.01416888,10879.7,14.0092,0.067279413,0.002745939,0.233986069,28.7758
98.5,151432.9,51.8055,1.0285,14.6,0.7,33757.3,0,Northern Trust,2020-06-30,16.5,140050.7,34.2,5896.6,0.005799953,11382.2,12.8864,0.075163323,0.002917887,0.222919194,27.6577
98,152082,65.6597,0.9691,14.5,-2.6,32766.3,0,Northern Trust,2020-09-30,16.5,140502.9,26.8,7602.8,0.003525017,11579.1,11.9649,0.076137215,0.002990878,0.215451533,26.7286
131.7,170003.9,47.8265,0.7882,13.9,-0.4,33759.7,0,Northern Trust,2020-12-31,15.6,158315.6,18.2,5590.1,0.003255756,11688.3,10.6175,0.068753129,0.003901101,0.198581915,23.4641
123.8,163924.1,86.9191,0.7516,13,-0.9,34344.3,0,Northern Trust,2021-03-31,14.5,152466.2,9.8,9959.1,0.000984025,11457.9,10.9573,0.069897593,0.003604674,0.209513427,24.9854
106.5,172291.1,42.3615,0.7899,13.1,-3.2,37406.6,0,Northern Trust,2021-06-30,14.5,160468.1,7.5,5008.4,0.001497484,11823,11.0199,0.068622233,0.002847091,0.217112782,25.5841
141,169085.7,38.1551,0.8592,12.9,-1.1,39456.6,0,Northern Trust,2021-09-30,14.3,157186.9,4.9,4540,0.001079295,11898.8,11.754,0.070371415,0.003573547,0.233352673,27.8011
122.3,183889.8,40.3302,0.8733,12.9,-1.1,40480.6,0,Northern Trust,2021-12-31,14.1,171873,1.6,4846.4,0.000330142,12016.8,13.0377,0.065347833,0.0030212,0.220135103,25.3117
100.8,172565,64.2903,0.9269,12.4,-3.2,39239.1,0,Northern Trust,2022-03-31,13.6,161155.2,2.5,7335.4,0.000340813,11409.8,13.6393,0.066118854,0.002568866,0.227387361,26.2242
89.7,157786.3,50.4847,0.962,11.5,-5.5,41207.8,0,Northern Trust,2022-06-30,12.6,146716.6,66.1,5588.5,0.011827861,11069.7,13.8699,0.070156281,0.002176772,0.261162091,30.8269
76.4,159839.6,78.8902,0.9648,11.1,4.5,43991.9,0,Northern Trust,2022-09-30,12.2,148809.2,286.3,8701.9,0.032900861,11030.4,13.84,0.069009182,0.001736683,0.275225288,34.2223
45.9,155036.7,69.9916,0.7884,11.8,4.95,42893.3,0,Northern Trust,2022-12-31,13.9,143777.2,635.6,7880.7,0.080652734,11259.5,11.4795,0.07262474,0.001070097,0.276665461,34.6103
48.9,151108,83.625,0.7917,12.3,2.9,42369.5,0,Northern Trust,2023-03-31,14.4,139520.2,924.2,9690.3,0.095373724,11587.8,11.1429,0.076685549,0.001154132,0.28039217,37.2553
47.1,156752.5,129.9759,0.7738,12.3,2.4,43546.7,0,Northern Trust,2023-06-30,14.4,145116.8,1223.5,15123.6,0.08090005,11635.7,10.719,0.074229757,0.001081597,0.277805458,38.4676
68.8,146330.6,108.3361,0.7512,12.4,1.9,43577,0,Northern Trust,2023-09-30,14.5,134483.4,1478.8,12834.8,0.115218001,11847.2,10.0526,0.080961877,0.001578815,0.297798273,39.5558
63.6,150783.1,145.6501,0.7242,12.3,2.4,47617,0,Northern Trust,2023-12-31,14.2,138885.2,1716.5,17329.3,0.099051895,11897.9,9.5632,0.078907384,0.001335657,0.315797991,40.9912
37,156111,135.9352,0.6428,12.4,10.4,47342.6,0,Northern Trust,2024-03-31,14.2,144009.2,1917.5,16450.6,0.116561098,12101.8,8.3361,0.077520482,0.000781537,0.303262422,38.1975
38.5,156797.1,131.768,0.9898,13.5664,-0.1,42135.2,0,Northern Trust,2024-06-30,15.5307,144141.3,1983.6,16676.3,0.118947248,12655.8,12.7757,0.080714503,0.000913725,0.268724358,34.2588
39.3,155753.8,131.2574,1.1181,13.6,-2.4,41950.3,0,Northern Trust,2024-09-30,15.6,143004.8,1967.9,16734,0.1175989,12749,13.7322,0.081853541,0.000936823,0.269337249,34.6172
56,155508.4,125.8836,1.3263,13.3,3.4,43390.6,1,Northern Trust,2024-12-31,15.1,142720,1716.2,16098.5,0.106606206,12788.4,16.4553,0.082236072,0.001290602,0.279024156,35.4259
1619,371289,127.6349,1.5976,11.4,341,240218,1,US Bank,2014-03-31,13.5,328546,372,54555,0.006818807,42743,14.2306,0.115120566,0.006739711,0.646983886,92.1746
1596,389065,126.7506,1.5666,11.3,349,246892,1,US Bank,2014-06-30,13.2,345679,358,54992,0.006510038,43386,14.1194,0.1115135,0.006464365,0.63457777,89.3688
1567,391284,138.7506,1.5477,11.3,336,249530,1,US Bank,2014-09-30,13.6,347455,365,60813,0.006002006,43829,13.9757,0.112013269,0.006279806,0.637720939,91.3705
1466,402529,140.7195,1.5266,11.3,308,252643,1,US Bank,2014-12-31,13.6,358361,358,62153,0.005759979,44168,13.8335,0.109726256,0.005802654,0.627639251,89.3575
1350,410233,140.8429,1.506,11.1,279,253313,1,US Bank,2015-03-31,13.3,365268,363,63330,0.005731881,44965,13.6336,0.109608442,0.005329375,0.617485673,88.3852
1239,419075,136.9083,1.4535,11,296,257137,1,US Bank,2015-06-30,13.1,373844,352,61925,0.005684296,45231,13.4645,0.107930561,0.004818443,0.613582294,86.6224
1242,415943,129.8294,1.4596,11.1,292,259263,1,US Bank,2015-09-30,13.1,370176,349,59419,0.005873542,45767,13.3559,0.110031903,0.004790502,0.623313771,87.8072
1192,421853,128.0625,1.4263,11.3,305,264033,1,US Bank,2015-12-31,13.3,375036,337,59955,0.005620882,46817,13.1213,0.110979417,0.004514587,0.625888639,87.8938
1425,428638,123.7503,1.3909,11.1,315,268527,1,US Bank,2016-03-31,13.1,381245,386,58649,0.006581527,47393,12.8175,0.110566492,0.005306729,0.626465689,87.6542
1389,438463,115.2928,1.3697,11.1,317,272832,1,US Bank,2016-06-30,13.4,390434,407,55374,0.00735002,48029,12.7775,0.109539459,0.005091045,0.622246347,85.907
1400,454134,110.8969,1.353,11.1,315,276864,1,US Bank,2016-09-30,13.3,405735,427,53673,0.007955583,48399,12.6807,0.106574271,0.005056634,0.609652658,82.746
1368,445964,98.6502,1.357,11,322,278033,1,US Bank,2016-12-31,13.2,398031,419,47286,0.008860974,47933,12.6042,0.10748177,0.004920279,0.623442699,83.0966
1290,449522,99.3765,1.3608,11,335,276315,1,US Bank,2017-03-31,13.3,401089,413,48131,0.008580748,48433,12.6384,0.107743336,0.004668585,0.614686267,82.0235
1142,463844,106.6947,1.3195,11.1,340,280944,1,US Bank,2017-06-30,13.2,414895,470,52226,0.008999349,48949,12.4397,0.105529014,0.004064867,0.605686395,80.9026
1035,459227,102.0668,1.3169,11.1,330,282476,1,US Bank,2017-09-30,13.2,409876,528,50371,0.010482222,49351,12.4666,0.107465371,0.003664028,0.615111916,82.4533
1008,462040,98.4778,1.3696,10.8,325,283986,1,US Bank,2017-12-31,12.9,412374,555,48910,0.011347373,49666,12.9087,0.107492858,0.003549471,0.614635097,81.7897
1024,460119,102.1922,1.4115,10.4,341,282688,1,US Bank,2018-03-31,12.5,410307,623,50904,0.012238724,49812,13.2392,0.10825895,0.003622368,0.614380193,82.0513
912,461329,110.0503,1.4419,10.5,332,283433,1,US Bank,2018-06-30,12.6,411072,751,55308,0.013578506,50257,13.6195,0.108939607,0.003217692,0.614383661,83.343
813,464607,126.9669,1.4985,10.6,328,285994,1,US Bank,2018-09-30,12.6,413600,872,64762,0.013464686,51007,13.97,0.109785259,0.002842717,0.615561109,86.3566
817,467374,107.3988,1.527,10.7,353,288866,1,US Bank,2018-12-31,12.6,415717,1008,55479,0.018169037,51657,14.1822,0.110526046,0.002828301,0.618061766,83.6142
858,475775,109.084,1.5215,10.9,367,290424,1,US Bank,2019-03-31,12.8,423089,1092,57472,0.019000557,52686,14.065,0.110737218,0.002954301,0.610422994,83.4343
803,481719,107.2488,1.5251,14.3,350,295847,1,US Bank,2019-06-30,13,428179,1146,57421,0.019957855,53540,14.0256,0.111143634,0.002714241,0.614148497,83.7673
829,487671,105.0695,1.5298,11.2,352,299166,1,US Bank,2019-09-30,13.2,433524,1156,56892,0.020319201,54147,14.0223,0.111031823,0.002771037,0.613458664,83.1675
692,495426,123.7277,1.4362,10.7,385,301680,1,US Bank,2019-12-31,12.7,442943,1048,64936,0.016138968,52483,13.4406,0.105935094,0.002293821,0.608930496,83.3564
815,542909,150.7649,1.2538,10.5,393,322928,1,US Bank,2020-03-31,12.7,490747,893,78642,0.011355255,52162,12.3295,0.096078717,0.002523782,0.594810548,81.7842
1071,546652,120.3773,1.0218,10.6,437,318513,1,US Bank,2020-06-30,12.8,494172,472,63174,0.007471428,52480,10.0303,0.096002576,0.0033625,0.582661364,77.0647
1181,540455,105.5851,0.9582,11,515,314603,1,US Bank,2020-09-30,13.1,487260,346,56166,0.006160311,53195,9.2872,0.098426326,0.003753938,0.582107669,76.1351
1224,553905,101.0647,0.9452,11.3,441,306468,1,US Bank,2020-12-31,13.4,500180,304,54297,0.005598836,53725,9.4504,0.096993167,0.003993892,0.553286213,71.3098
1128,553375,94.6643,1.107,11.5,223,303418,1,US Bank,2021-03-31,13.5,501067,278,49517,0.005614233,52308,11.7586,0.094525412,0.003717644,0.548304495,69.9505
1018,558886,92.732,1.3317,11.5,180,302768,1,US Bank,2021-06-30,13.4,505212,245,49773,0.004922347,53674,14.0358,0.096037475,0.00336231,0.541734808,69.2545
906,567495,95.1837,1.4096,11.7,147,303799,1,US Bank,2021-09-30,13.4,513117,238,51759,0.004598234,54378,14.6913,0.095821109,0.002982235,0.535333351,68.5928
834,573284,81.4108,1.4129,11.6,132,319803,1,US Bank,2021-12-31,13.4,517897,232,45091,0.005145151,55387,14.7445,0.096613546,0.002607855,0.557843931,70.1195
765,586517,104.4612,1.2703,11.5,162,322255,1,US Bank,2022-03-31,13.4,534849,245,53973,0.004539307,51668,14.0749,0.088092928,0.002373896,0.549438465,69.8208
725,591381,110.8052,1.1804,11.4,153,336312,1,US Bank,2022-06-30,13.2,542312,390,54371,0.007172941,49069,13.3584,0.082973582,0.002155736,0.568689221,71.9997
630,600973,119.4172,1.1251,11.2,162,346355,1,US Bank,2022-09-30,13.3,552995,901,57294,0.015725905,47978,12.9829,0.079833869,0.001818943,0.576323728,73.513
972,674805,141.601,0.9334,9.8,578,390413,1,US Bank,2022-12-31,11.9,623573,1681,72545,0.023171824,51232,11.0234,0.075921192,0.002489671,0.578556768,74.3678
1139,682377,185.0563,0.9403,10,373,390247,1,US Bank,2023-03-31,12.1,628923,2330,98920,0.023554387,53454,11.4523,0.078334997,0.002918664,0.571893543,77.2248
1041,680825,145.1219,0.9112,10.6,649,381789,1,US Bank,2023-06-30,12.7,627341,3111,77617,0.040081425,53484,11.4068,0.078557632,0.002726637,0.560774061,73.1957
1267,729625,236.2164,0.8277,11.2,420,439156,1,US Bank,2023-09-30,13.4,676047,3518,126560,0.027797092,53578,10.9455,0.073432243,0.00288508,0.601892753,84.7206
1449,663491,122.223,0.8113,11.5,463,376036,1,US Bank,2023-12-31,13.7,607720,3652,68165,0.053575882,55771,10.2364,0.084056905,0.003853354,0.566753731,73.3998
1741,683606,124.5605,0.7394,11.6,488,376668,1,US Bank,2024-03-31,13.7,627573,3779,69795,0.05414428,56033,9.3039,0.081966805,0.004622108,0.5510016,71.3301
1810,680058,121.7843,0.7777,11.9,538,378715,1,US Bank,2024-06-30,14,623173,3962,69277,0.057190698,56885,9.6711,0.083647277,0.00477932,0.556886324,72.3035
1809,686469,132.4101,0.7744,12.2,564,377375,1,US Bank,2024-09-30,14.2,627148,3951,78547,0.050301094,59321,9.7935,0.086414682,0.00479364,0.549733491,72.4146
1793,678318,126.8445,0.9389,12.2,562,382405,1,US Bank,2024-12-31,14.3,619278,3685,74889,0.049206158,59040,11.0621,0.087038822,0.004688746,0.563754758,73.7793
327.158,73.7512,1.0873,11.95,42.986,44649.22,44649.22,0,Huntington,2014-03-31,14.13,54969.519,34.949,4555.045,0.007672592,6176.234,10.5809,0.143467496,0.007327295,605.4033019,90.4769
324.957,123.7305,1.0854,11.56,28.643,46397.637,46397.637,0,Huntington,2014-06-30,13.67,57556.322,35.274,7721.761,0.004568129,6240.791,10.8242,0.087482068,0.00700374,374.9894893,95.1771
325.765,107.5,1.0365,11.61,30.023,47134.306,47134.306,0,Huntington,2014-09-30,13.72,58046.419,34.725,6755.526,0.005140236,6284.21,10.2394,0.095250233,0.00691142,438.4586605,94.0245
300.244,106.3983,1.0057,11.5,22.975,48072.053,48072.053,0,Huntington,2014-12-31,13.56,59969.84,34.373,6733.063,0.005105106,6328.17,10.1848,0.095723334,0.006245708,451.8122282,92.9249
364.413,110.8964,1.0052,10.22,24.432,49316.184,49316.184,0,Huntington,2015-03-31,12.48,61540.707,34.411,7166.072,0.004801933,6461.954,10.2721,0.092627894,0.007389319,444.7050039,93.3441
364.339,113.3888,1.0264,10.41,25.375,49300.355,49300.355,0,Huntington,2015-06-30,12.62,62349.39,39.109,7366.028,0.005309374,6496.258,10.6883,0.094262396,0.00739019,434.7903408,92.1964
356.477,118.6949,1.0083,10.49,16.163,50331.545,50331.545,0,Huntington,2015-09-30,12.7,63627.541,43.022,7813.257,0.005506282,6582.637,10.5428,0.088822687,0.007082576,424.0413447,92.7861
371.581,116.1046,1.0093,10.53,21.823,50815.72,50815.72,0,Huntington,2015-12-31,12.64,64423.695,47.242,7656.643,0.006170067,6594.606,10.7246,0.092370156,0.007312324,437.6718924,91.8993
498.734,117.4514,0.9931,10.99,8.552,52107.023,52107.023,0,Huntington,2016-03-31,13.17,65487.297,54.185,8406.787,0.006445388,7157.67,10.256,0.087321224,0.009571339,443.6475257,93.6691
460.547,131.6926,0.9478,11.37,16.755,53330.414,53330.414,0,Huntington,2016-06-30,13.49,66446.713,59.777,9886.565,0.006046286,7507.304,9.6654,0.073393646,0.008635729,404.961357,96.8878
381.942,107.3163,0.7617,10.4,40.065,69718.963,69718.963,0,Huntington,2016-09-30,12.56,90378.647,68.956,11146.689,0.006186232,10386.765,7.6746,0.071513833,0.005478309,649.6586539,90.0702
398.615,116.4338,0.8338,10.92,43.524,67475,67475,0,Huntington,2016-12-31,13.05,89406,79.877,12002,0.006655307,10308,8.4226,0.072338101,0.005907595,579.5138525,89.2432
401,101.0101,0.8669,11.11,39,67616.507,67616.507,0,Huntington,2017-03-31,13.26,89608.359,90,10542.57,0.008536818,10437.147,8.5083,0.084232171,0.005930505,669.403426,87.3344
364.456,122.8564,0.9648,11.24,36.04,68807.387,68807.387,0,Huntington,2017-06-30,13.33,90752.597,101,13089.348,0.007716198,10654.182,9.3161,0.075829179,0.005296757,560.0635132,90.6155
338,103.0976,0.9805,11.3,43,69239.03,69239.03,0,Huntington,2017-09-30,13.39,91289.277,115,11030.256,0.010425869,10698.849,9.4279,0.091446358,0.00488164,671.5872144,88.2643
349,131.8846,1.1643,11.34,41,70605,70605,0,Huntington,2017-12-31,13.39,93371,124.149,14262,0.00870488,10814,11.2395,0.085222232,0.004942993,535.3543932,91.646
383,101.4503,1.2776,12,38,71669,71669,0,Huntington,2018-03-31,13.99,92938,144,11472,0.012552301,11308,12.0027,0.118311134,0.005344012,706.4444363,90.1826
378,106.0669,1.3426,11.99,28,73115,73115,0,Huntington,2018-06-30,13.97,93886,188,12168,0.015450362,11472,12.5462,0.118285723,0.005169938,689.3290932,91.868
370,98.1617,1.4361,11.33,29,74162,74162,0,Huntington,2018-09-30,13.36,94718,205,10733,0.019099972,10934,13.7846,0.140427478,0.004989078,755.508513,90.7858
340,95.8566,1.3082,11.06,50,75704,75704,0,Huntington,2018-12-31,12.98,97679,223,10642,0.020954708,11102,12.7122,0.132616846,0.004491176,789.7630419,89.301
417,109.2547,1.3415,11.25,71,75772,75772,0,Huntington,2019-03-31,13.11,96771,248,12490,0.019855885,11432,12.533,0.1147136,0.005503352,693.5353811,92.2305
425,114.5183,1.3427,11.28,48,75811,75811,0,Huntington,2019-06-30,13.13,96579,256,13362,0.019158809,11668,12.3941,0.108228117,0.005606047,661.9989993,93.7304
438,103.0481,1.3322,11.41,73,75956,75956,0,Huntington,2019-09-30,13.29,96826,253,12272,0.020616037,11909,12.5027,0.121328778,0.005766496,737.0926781,92.1852
468,107.571,1.2958,11.26,73,76281,76281,0,Huntington,2019-12-31,13.04,97207,231,12688,0.018206179,11795,12.3248,0.11457363,0.006135211,709.1223471,92.6336
558,107.2479,0.9914,10.81,117,79032,79032,0,Huntington,2020-03-31,12.74,102128,185,12622,0.014656948,11769,9.491,0.088495905,0.007060431,736.9095339,91.0192
648,80.3882,0.7826,11.79,107,81304,81304,0,Huntington,2020-06-30,13.84,106111,110,9899,0.011112234,12314,7.3972,0.09201848,0.007970088,1011.392219,86.7789
569,72.7413,0.7149,12.37,113,82459,82459,0,Huntington,2020-09-30,14.39,107199,75,9396,0.00798212,12917,6.5899,0.090593652,0.006900399,1133.592608,86.6585
532,67.3824,0.7042,12.47,112,82883,82883,0,Huntington,2020-12-31,14.46,110045,53,8755,0.006053684,12993,6.5919,0.097828216,0.006418687,1230.039298,83.7642
516,54.625,1.0857,13.32,64,81767,81767,0,Huntington,2021-03-31,15.25,112168,75,7429,0.010095571,13600,10.2566,0.187763844,0.006310614,1496.878719,80.0194
977,37.665,0.7738,12.25,62,113296,113296,0,Huntington,2021-06-30,14.15,154641,97,7733,0.012543644,20531,6.9216,0.183767423,0.008623429,3007.991504,79.3362
861,42.1252,0.8231,11.35,55,111902,111902,0,Huntington,2021-09-30,13.57,154379,45,8214,0.005478451,19499,7.4701,0.177330909,0.007694232,2656.414688,78.8609
716,40.8065,0.8718,10.99,34,113596,113596,0,Huntington,2021-12-31,13.14,154746,50,7883,0.006342763,19318,8.0211,0.196564273,0.006303039,2783.772193,79.2919
682,38.7425,0.8083,10.84,19,113887,113887,0,Huntington,2022-03-31,13.03,158375,49,7160,0.006843575,18481,7.6313,0.196974898,0.005988392,2939.588307,77.4926
657,60.7042,1.0041,10.63,8,117190,117190,0,Huntington,2022-06-30,12.81,160803,70,10914,0.00641378,17979,9.2405,0.152221757,0.00560628,1930.508927,80.579
602,61.697,1.1288,10.84,44,119040,119040,0,Huntington,2022-09-30,13.05,162231,185,10594,0.017462715,17171,10.8917,0.176535326,0.005057124,1929.429308,81.3598
569,68.1749,1.2539,10.9,50,120052,120052,0,Huntington,2022-12-31,13.09,165137,392,12114,0.032359254,17769,12.0881,0.177310124,0.004739613,1760.941344,81.1634
533,106.1613,1.3008,11.3,57,121636,121636,0,Huntington,2023-03-31,13.53,170259,619,19970,0.030996495,18811,12.7923,0.120498713,0.004381926,1145.765924,83.7264
510,87.0103,1.3069,11.58,49,121770,121770,0,Huntington,2023-06-30,13.82,169667,879,16391,0.05362699,18838,13.0655,0.150160383,0.004188224,1399.489486,82.2615
592,72.871,1.2856,11.87,73,121456,121456,0,Huntington,2023-09-30,14.11,168120,945,13503,0.069984448,18530,13.212,0.181306693,0.004874193,1666.726132,81.5869
667,69.0432,1.0482,11.98,94,122498,122498,0,Huntington,2023-12-31,14.17,169970,1034,13393,0.07720451,19398,10.5221,0.152398788,0.005444987,1774.222516,81.0011
716,77.8196,0.9242,12,92,123257,123257,0,Huntington,2024-03-31,14.1,174146,1093,15076,0.072499337,19373,9.2857,0.11932341,0.005809001,1583.881182,80.4418
733,85.0994,0.8747,12.1,90,125090,125090,0,Huntington,2024-06-30,14.3,176747,1164,16648,0.069918309,19563,8.7878,0.103265123,0.005859781,1469.928108,81.0342
738,80.0116,0.8539,12.1,93,127042,127042,0,Huntington,2024-09-30,14.1,179883,1204,16524,0.072863713,20652,8.4576,0.105704673,0.005809103,1587.79477,80.2281
783,85.6991,0.9858,11.9,97,130696,130696,0,Huntington,2024-12-31,14.3,184448,1115,16953,0.06577007,19782,9.9251,0.115813352,0.005991002,1525.056856,80.4541
401.666,56080.844,38.3715,0.4615,13.19,8,39324.48,0,Zion,2014-03-31,15.11,49494.628,51.103,2527.231,0.020220945,6586.216,3.9296,0.117441456,0.010214147,0.70121056,84.5105
321.994,55111.275,34.134,0.5287,13,6.186,39794.737,0,Zion,2014-06-30,14.9,48411.185,46.908,2287.009,0.020510632,6700.09,4.289,0.121573852,0.008091371,0.722079774,87.1342
307.23,55458.87,18.9132,0.4974,14.43,10.962,39848.934,0,Zion,2014-09-30,16.28,48136.711,43.457,1384.852,0.031380249,7322.159,4.0304,0.132028637,0.007709867,0.718531301,86.1313
307,57208.874,19.2357,0.7037,14.47,17.093,40196.162,0,Zion,2014-12-31,16.27,49839.344,31.53,1417.581,0.022242115,7369.53,5.7606,0.128817952,0.007637545,0.7026211,84.0079
382.066,57555.931,18.4485,0.6851,14.16,-16.882,40309.06,0,Zion,2015-03-31,16.22,50101.633,31.1,1375.205,0.02261481,7454.298,5.5451,0.129513985,0.009478415,0.700345895,83.7619
372.83,58365.459,18.0344,0.5,14.26,11.242,40176.432,0,Zion,2015-06-30,16.32,50835.284,31.532,1358.023,0.023219047,7530.175,3.9871,0.129017661,0.009279819,0.688359737,82.0981
359.272,58410.927,17.0007,0.5072,14.41,31.197,40252.245,0,Zion,2015-09-30,16.46,50772.832,30.853,1298.532,0.023759907,7638.095,3.8609,0.130764831,0.008925515,0.689121832,82.2815
350,59669.525,16.5058,0.5296,14.08,13.098,40799.422,0,Zion,2015-12-31,16.12,52162.006,24.726,1239.173,0.01995363,7507.519,4.1604,0.125818313,0.008578553,0.68375644,80.9929
542,59179.913,14.4729,0.5275,13.87,36.299,41526.949,0,Zion,2016-03-31,15.97,51554.176,22.059,1103.662,0.019987097,7625.737,4.0833,0.128856847,0.013051765,0.701706827,83.2406
548,59642.992,13.5549,0.6913,13.42,38.041,42648.087,0,Zion,2016-06-30,15.5,52016.609,22.103,1033.747,0.021381441,7626.383,5.3821,0.12786721,0.012849345,0.715056129,84.8365
579,61038.86,22.7568,0.7265,13.48,30,42700.007,0,Zion,2016-09-30,15.31,53359.553,22,1747.561,0.012588974,7679.307,5.6651,0.125810131,0.013559717,0.699554464,83.9747
569,63239,18.6927,0.7622,13.5,28,42821,0,Zion,2016-12-31,15.2,55605,21,1427,0.014716188,7634,6.1868,0.120716646,0.013287873,0.677129619,80.4362
585,65463,46.3131,0.8295,13.64,46,42870,0,Zion,2017-03-31,15.34,57733,26,3580,0.00726257,7730,6.733,0.11808197,0.013645906,0.654873745,80.1683
486,65446,61.7886,0.913,13.41,7,43736,0,Zion,2017-06-30,15.1,57697,30,4788,0.006265664,7749,7.4275,0.118402958,0.011112127,0.668276136,83.5007
465,65564,65.2751,0.9542,13.33,8,44227,0,Zion,2017-09-30,14.99,57803,35,5066,0.006908804,7761,7.8237,0.118372888,0.010513939,0.67456226,84.8903
414,66288,70.543,0.911,13.2,12,44824,0,Zion,2017-12-31,14.8,58609,36,5417,0.006645745,7679,7.7059,0.115842988,0.009236124,0.676200821,85.1827
387,66481,69.3485,1.0444,13.3,5,45173,0,Zion,2018-03-31,14.8,58837,47,5301,0.008866252,7644,8.9632,0.11498022,0.008567064,0.679487372,85.2916
342,66457,60.3464,1.0887,13.3,-12,45314,0,Zion,2018-06-30,14.8,58836,58,4599,0.012611437,7621,9.3429,0.114675655,0.007547336,0.681854432,84.5726
288,66731,62.452,1.1807,13.1,-1,45871,0,Zion,2018-09-30,14.6,59178,66,4717,0.013991944,7553,10.1998,0.113185776,0.006278477,0.687401657,85.2859
252,68746,84.9037,1.3093,12.7,-8,46807,0,Zion,2018-12-31,13.9,61168,80,6434,0.012433945,7578,11.5881,0.110231868,0.00538381,0.680868705,86.5178
234,69195,85.4375,1.2663,12.3,0,47675,0,Zion,2019-03-31,13.5,61607,99,6483,0.015270708,7588,11.2789,0.109661103,0.004908233,0.68899487,87.4209
248,70065,99.6184,1.2599,11.8,14,48722,0,Zion,2019-06-30,13,62466,115,7570,0.015191546,7599,11.3009,0.108456433,0.005090103,0.695382859,89.6746
233,70361,81.6753,1.2532,11.4,1,48976,0,Zion,2019-09-30,12.6,62852,110,6133,0.017935757,7509,11.4062,0.106721053,0.004757432,0.696067424,87.2406
243,69172,55.5012,1.1833,11.2,22,48838,0,Zion,2019-12-31,13.2,61819,88,4081,0.021563342,7353,10.9303,0.106300237,0.004975634,0.706037125,85.5531
274,71467,78.2521,0.8773,11,7,50067,0,Zion,2020-03-31,13.3,63995,74,5847,0.012656063,7472,8.1939,0.104551751,0.005472667,0.700561098,87.0458
339,76447,33.0561,0.6621,11.2,31,55234,0,Zion,2020-06-30,13.5,68872,32,2504,0.012779553,7575,6.3925,0.099088257,0.006137524,0.722513637,84.0905
366,78357,37.9369,0.589,11.4,52,54834,0,Zion,2020-09-30,13.7,70689,26,2909,0.008937779,7668,5.7719,0.097859796,0.006674691,0.699797083,81.7271
367,81479,39.9188,0.7156,11.8,15,53557,0,Zion,2020-12-31,14.1,73593,21,3148,0.006670902,7886,7.074,0.096785675,0.006852512,0.657310473,76.8912
324,85121,32.9131,1.0818,12.2,8,53549,0,Zion,2021-03-31,14.5,77188,17,2611,0.006510915,7933,10.9964,0.093196743,0.006050533,0.629092703,72.5075
307,87208,28.358,1.3871,12.1,-2,51464,0,Zion,2021-06-30,14.2,79175,15,2278,0.006584723,8033,14.5438,0.092113109,0.005965335,0.590129346,67.6224
323,88306,23.4371,1.44,11.6,-1,50745,0,Zion,2021-09-30,13.6,80532,14,1822,0.007683864,7774,15.542,0.088034788,0.006365159,0.574649514,65.1546
271,93200,29.1706,1.2927,10.9,1,50934,0,Zion,2021-12-31,12.91,85737,13,2177,0.00597152,7463,14.7111,0.080075107,0.005320611,0.546502146,61.5227
252,91126,25.0715,1.1461,10.8,6,51285,0,Zion,2022-03-31,12.5,84832,11,1578,0.006970849,6294,14.1984,0.069069201,0.004913717,0.562792178,62.2761
201,87784,34.375,0.9818,10.6,9,52412,0,Zion,2022-06-30,12.3,82152,15,1936,0.007747934,5632,12.5723,0.064157477,0.003835,0.597056411,66.2931
151,88474,133.4753,0.9458,10.3,27,53943,0,Zion,2022-09-30,12,83778,44,6268,0.007019783,4696,13.4082,0.05307774,0.002799251,0.609704546,70.9823
149,89545,231.494,0.9926,10.5,-3,55661,0,Zion,2022-12-31,12.2,84652,115,11327,0.010152732,4893,14.6811,0.054642917,0.002676919,0.621598079,77.6824
171,88573,251.659,1.0106,10.6,0,56336,0,Zion,2023-03-31,12.4,83389,241,13046,0.018473095,5184,15.8216,0.058527994,0.003035359,0.636040328,81.401
162,87230,119.364,1.0056,10.7,13,56953,0,Zion,2023-06-30,12.5,81947,386,6306,0.061211545,5283,16.1246,0.060564026,0.002844451,0.65290611,76.629
216,87269,96.7074,0.9537,10.9,14,56934,0,Zion,2023-09-30,12.8,81954,425,5140,0.082684825,5315,16.7416,0.060903643,0.003793867,0.652396613,75.5103
222,87203,90.7398,0.7695,10.9,9,57832,0,Zion,2023-12-31,12.8,81512,457,5164,0.088497289,5691,12.8496,0.065261516,0.003838705,0.663188193,77.1495
248,87060,97.2551,0.7163,11,6,58121,0,Zion,2024-03-31,12.9,81231,468,5669,0.082554242,5829,11.4229,0.066953825,0.00426696,0.667597059,78.2911
261,87606,106.6722,0.7493,11.2,15,58527,0,Zion,2024-06-30,13.1,81581,476,6427,0.074062549,6025,11.5847,0.068773828,0.00445948,0.66807068,79.3371
363,87032,58.0423,0.7963,11.4,3,58981,0,Zion,2024-09-30,13.2,80647,484,3706,0.130599029,6385,11.8632,0.07336382,0.006154524,0.677693262,77.8956
297,88775,82.74,0.891,11,36,59484,0,Zion,2024-12-31,13.3,82651,435,5067,0.085849615,6124,13.2713,0.068983385,0.004992939,0.670053506,78.0394
14650,1546707,185.7975,1.5151,12.63,825,842767,1,Wells Fargo,2014-03-31,15.71,1370238,997,210483,0.004736725,176469,13.3831,8.65E-06,0.017383215,0.544878248,76.9948
13972,1598874,194.7145,1.5007,12.72,717,859768,1,Wells Fargo,2014-06-30,15.89,1417325,1002,229727,0.004361699,181549,13.2877,8.31E-06,0.016250896,0.53773343,76.8627
13365,1636855,191.4818,1.4694,12.55,668,868353,1,Wells Fargo,2014-09-30,15.58,1453865,1023,247513,0.004133116,182990,13.1321,8.02E-06,0.015391206,0.530500869,76.8029
12848,1687155,249.6976,1.4363,12.45,735,882809,1,Wells Fargo,2014-12-31,15.53,1501893,1003,247461,0.004053164,185262,13.0069,7.71E-06,0.014553544,0.52325305,75.5629
12510,1737737,255.2005,1.3986,12.2,708,885518,1,Wells Fargo,2015-03-31,15.08,1547773,977,260989,0.003743453,189964,12.6042,7.25E-06,0.014127324,0.509581139,73.9989
12443,1720617,241.3453,1.3834,12.28,650,914527,1,Wells Fargo,2015-06-30,15.16,1529941,956,262714,0.003638938,190676,12.3974,7.21E-06,0.013605941,0.53151108,77.1214
11537,1751265,258.1671,1.3593,12.42,703,925503,1,Wells Fargo,2015-09-30,15.44,1557222,988,273343,0.003614506,194043,12.2642,7E-06,0.012465654,0.528476844,76.9855
11382,1787632,235.0779,1.3177,12.63,831,936441,1,Wells Fargo,2015-12-31,15.77,1593741,1055,297064,0.003551423,193891,12.1327,6.79E-06,0.01215453,0.523844393,76.5496
12234,1849182,226.1,1.2575,12.49,886,965579,1,Wells Fargo,2016-03-31,15.52,1650678,1305,335591,0.003888662,198504,11.6761,6.31E-06,0.012670118,0.522165476,77.7758
11963,1889235,232.7644,1.2405,12.5,924,981307,1,Wells Fargo,2016-06-30,15.6,1686574,1413,364185,0.003879896,202661,11.4443,6.06E-06,0.012190884,0.519420294,78.7899
10986,1942124,214.3738,1.2043,12.6,805,988932,1,Wells Fargo,2016-09-30,15.68,1738166,1535,379503,0.004044764,203958,11.2296,5.78E-06,0.011108954,0.509201266,77.5089
10384,1930115,224.5616,1.1802,12.82,905,993993,1,Wells Fargo,2016-12-31,16.08,1729618,1656,351858,0.004706444,200497,11.1763,5.79E-06,0.010446754,0.514991594,76.1051
9759,1951564,214.1013,1.1635,13.27,805,976480,1,Wells Fargo,2017-03-31,16.54,1749075,1889,351339,0.005376574,202489,11.0828,5.68E-06,0.00999406,0.500357662,73.6719
9056,1930871,214.7256,1.1732,13.68,655,982386,1,Wells Fargo,2017-06-30,16.97,1724726,2223,334225,0.006651208,206145,11.012,5.7E-06,0.009218372,0.508778681,75.2308
8619,1934939,224.6675,1.0991,13.95,717,972039,1,Wells Fargo,2017-09-30,17.28,1728115,2595,332704,0.007799726,206824,10.4197,5.39E-06,0.008866928,0.502361573,74.3885
8036,1951757,224.0821,1.1429,14.14,751,976948,1,Wells Fargo,2017-12-31,17.46,1743678,2645,328276,0.008057245,208079,10.9137,5.59E-06,0.008225617,0.500547968,73.1253
7719,1915388,214.4681,1.1216,13.76,741,968833,1,Wells Fargo,2018-03-31,16.92,1709478,3109,324509,0.009580628,205910,10.6704,5.57E-06,0.007967317,0.505815532,74.3147
7486,1879700,215.4188,1.103,13.83,602,969182,1,Wells Fargo,2018-06-30,16.98,1673631,3474,323780,0.010729508,206069,10.2408,5.45E-06,0.007724039,0.515604618,76.3819
7053,1872981,210.7859,1.1807,13.63,680,963290,1,Wells Fargo,2018-09-30,16.79,1673302,3792,326774,0.01160435,199679,11.1103,5.93E-06,0.007321783,0.514308474,76.0536
6496,1895883,215.0569,1.164,13.46,721,970277,1,Wells Fargo,2018-12-31,16.6,1698817,4277,334831,0.012773608,197066,11.1103,5.86E-06,0.006694995,0.511781054,75.4392
6905,1887792,215.394,1.2157,13.64,695,964283,1,Wells Fargo,2019-03-31,16.74,1689059,4692,348341,0.01346956,198733,11.4786,6.08E-06,0.007160761,0.510799389,76.2874
5922,1923388,235.0514,1.2693,13.69,653,974057,1,Wells Fargo,2019-06-30,16.75,1723351,4891,362122,0.013506498,200037,11.9422,6.21E-06,0.006079726,0.50642772,75.6005
5545,1943950,237.9257,1.1915,13.23,645,981895,1,Wells Fargo,2019-09-30,16.25,1749534,4874,359942,0.013541071,194416,11.6007,5.97E-06,0.005647243,0.505103012,75.04
5346,1927555,208.8248,1.0226,12.76,769,986584,1,Wells Fargo,2019-12-31,15.75,1739571,4395,338000,0.013002959,187984,10.2,5.29E-06,0.005418697,0.511831828,74.5928
6156,1981349,234.5892,0.7414,12.22,909,1033521,1,Wells Fargo,2020-03-31,15.21,1798019,3415,334855,0.010198444,183330,7.5375,3.8E-06,0.005956338,0.521624913,75.0815
7605,1968766,220.3745,0.2204,12.6,1113,968849,1,Wells Fargo,2020-06-30,15.88,1788644,1921,296531,0.006478243,180122,2.2673,1.15E-06,0.00784952,0.492109778,68.6781
8022,1922220,217.3159,0.1498,13.05,683,945086,1,Wells Fargo,2020-09-30,16.35,1740188,1432,275957,0.005189214,182032,1.5467,8.05E-07,0.008488116,0.491663805,68.3253
8728,1952911,244.8794,0.1605,13.25,584,924021,1,Wells Fargo,2020-12-31,16.47,1767199,1195,276911,0.004315466,185712,1.675,8.58E-07,0.009445673,0.473150594,65.7956
8055,1959543,235.792,0.3602,13.54,513,897006,1,Wells Fargo,2021-03-31,16.75,1771195,1238,247001,0.005012125,188348,3.8369,1.96E-06,0.008979873,0.457762856,62.417
7371,1945996,240.5291,0.8676,13.71,381,877894,1,Wells Fargo,2021-06-30,16.84,1752869,893,229996,0.003882676,193127,9.164,4.71E-06,0.00839623,0.451128368,60.9449
7058,1954901,257.3393,0.9744,13.18,259,887638,1,Wells Fargo,2021-09-30,16.21,1763830,925,209600,0.004413168,191071,10.2047,5.22E-06,0.00795144,0.454057776,60.368
7212,1948068,258.6672,1.1047,12.89,421,919011,1,Wells Fargo,2021-12-31,15.84,1757958,859,199574,0.004304168,190110,11.576,5.94E-06,0.007847567,0.471755093,61.9915
6871,1939709,269.5966,1.0617,11.96,305,931631,1,Wells Fargo,2022-03-31,14.72,1758020,960,191353,0.005016906,181689,11.2972,5.82E-06,0.007375238,0.480294209,62.8905
5993,1881142,307.7266,0.9303,11.89,344,953408,1,Wells Fargo,2022-06-30,14.65,1701349,1358,191824,0.007079406,179793,9.6542,5.13E-06,0.006285871,0.506824046,66.8986
5587,1877745,334.1749,0.8491,11.85,399,955340,1,Wells Fargo,2022-09-30,14.55,1699336,2396,209217,0.011452224,178409,8.9109,4.75E-06,0.00584818,0.508769828,68.3288
5626,1881020,258.952,0.7144,12.1,560,962975,1,Wells Fargo,2022-12-31,14.8,1698807,4360,230480,0.018917043,182213,7.4365,3.95E-06,0.005842312,0.511942988,69.5799
6010,1886400,253.0671,0.7778,12.34,604,954190,1,Wells Fargo,2023-03-31,15.09,1703180,6020,258854,0.023256353,183220,8.2572,4.38E-06,0.006298536,0.505825912,70.0257
6886,1876320,250.8588,0.8876,12.25,764,953989,1,Wells Fargo,2023-06-30,15,1694368,7667,259149,0.029585296,181952,9.3234,4.97E-06,0.007218113,0.508436194,70.9505
8002,1909261,248.5168,0.9956,12.55,850,946732,1,Wells Fargo,2023-09-30,15.26,1726888,8988,287535,0.031258803,182373,10.5636,5.53E-06,0.008452234,0.495863059,69.9206
8256,1932468,235.6427,1.0039,12.98,1252,941618,1,Wells Fargo,2023-12-31,15.67,1745025,10068,301207,0.033425518,187443,10.4612,5.41E-06,0.008767887,0.487261885,69.3298
8075,1959153,234.8296,0.9762,12.68,1149,928257,1,Wells Fargo,2024-03-31,15.4,1776479,10613,300846,0.035277185,182674,10.367,5.29E-06,0.008699099,0.473805262,67.112
8434,1940073,228.8328,0.9822,12.4,1301,925219,1,Wells Fargo,2024-06-30,15,1761925,10961,302382,0.036248851,178148,10.5109,5.42E-06,0.00911568,0.476899065,67.7372
8172,1922125,232.8238,0.9443,12.8,1111,916986,1,Wells Fargo,2024-09-30,15.5,1737114,11308,298164,0.037925437,185011,9.9396,5.17E-06,0.008911805,0.477068869,67.9427
7730,1929845,247.241,1.0213,12.57,1211,919005,1,Wells Fargo,2024-12-31,15.18,1748779,10219,286307,0.035692456,181066,10.8109,5.6E-06,0.008411271,0.476206638,66.9924
710,148452,508.0434,0.321,12.12,133,99667,0,Ally,2014-03-31,13.0216,133993,712,73458,0.009692613,14459,-2.8912,0.097398486,0.007123722,0.671375259,180.0116
611,149937,499.2741,0.4957,12.33,85,100781,0,Ally,2014-06-30,13.1971,135059,728,74282,0.00980049,14878,4.3768,0.099228343,0.006062651,0.672155639,179.6741
621,149195,477.6432,0.7186,12.65,149,99521,0,Ally,2014-09-30,13.475,134005,671,72554,0.009248284,15190,6.2889,0.101813063,0.006239889,0.667053185,175.0558
645,151631,476.9271,0.7596,12.55,170,101951,0,Ally,2014-12-31,13.24,136232,672,73442,0.009150078,15399,7.7684,0.10155575,0.006326569,0.672362512,175.1645
593,153524,453.163,0.9928,13.16,150,101416,0,Ally,2015-03-31,14.11,137590,612,72207,0.008475633,15934,9.8641,0.103788333,0.005847204,0.66058727,166.5971
642,156472,530.71,0.8864,11.74,100,106611,0,Ally,2015-06-30,12.63,142177,608,75865,0.008014236,14295,9.31,0.091358198,0.006021893,0.681342349,172.1003
637,156105,498.9314,0.7881,12.02,161,108028,0,Ally,2015-09-30,12.95,141506,604,72839,0.008292261,14599,8.0768,0.093520387,0.005896619,0.692021396,168.6857
680,158581,553.129,0.831,11.1,198,111705,0,Ally,2015-12-31,12.52,145142,605,74335,0.008138831,13439,8.9396,0.084745335,0.006087463,0.704403428,168.033
698,156505,487.6583,0.6212,11.57,179,110915,0,Ally,2016-03-31,13,142682,648,67409,0.00961296,13823,6.4724,0.088323057,0.006293107,0.708699403,157.8524
734,157931,492.4987,0.7258,11.18,152,112668,0,Ally,2016-06-30,12.83,144320,651,67034,0.00971149,13611,8.1775,0.086183207,0.006514716,0.713400156,154.7595
753,157397,464.1966,0.6903,11.13,213,115015,0,Ally,2016-09-30,12.8,143767,656,63270,0.010368263,13630,7.6659,0.086596314,0.006546972,0.730731844,151.847
819,163728,501.622,0.6621,10.93,257,118944,0,Ally,2016-12-31,12.57,150411,674,66801,0.010089669,13317,7.9758,0.081336118,0.006885593,0.726473175,150.5201
798,162101,444.6839,0.6472,11.09,253,119003,0,Ally,2017-03-31,12.7,148736,682,59432,0.0114753,13365,7.5842,0.082448597,0.006705713,0.734128722,140.8553
783,164345,444.2737,0.5728,11.18,199,120545,0,Ally,2017-06-30,12.83,150872,700,59857,0.011694539,13473,6.8158,0.081979981,0.0064955,0.733487481,139.871
807,164013,407.4044,0.6198,11.46,253,118889,0,Ally,2017-09-30,13.19,150440,735,55297,0.01329186,13573,7.3227,0.082755635,0.006787844,0.724875467,131.9288
792,167148,412.324,0.5615,11.25,305,123001,0,Ally,2017-12-31,12.94,153654,740,55639,0.013300023,13494,6.93,0.080730849,0.006438972,0.735880776,131.8961
863,170021,417.6731,0.5811,10.98,259,125453,0,Ally,2018-03-31,12.57,156939,794,54640,0.014531479,13082,7.2976,0.076943436,0.00687907,0.737867675,128.741
905,171345,414.3085,0.6327,11.09,180,125872,0,Ally,2018-06-30,12.66,158206,873,54436,0.016037181,13139,7.9814,0.076681549,0.007189844,0.734611456,127.486
903,173101,404.1269,0.6846,11.12,235,127030,0,Ally,2018-09-30,12.68,160016,942,52880,0.017813918,13085,8.6578,0.075591707,0.007108557,0.733849025,125.3021
1092,178869,408.3509,0.73,10.8,271,130240,0,Ally,2018-12-31,12.3,165601,1028,54180,0.018973791,13268,9.4388,0.074177191,0.008384521,0.728130643,122.6619
987,180117,349.0109,0.7923,10.99,237,130162,0,Ally,2019-03-31,12.54,166418,1055,47811,0.022066052,13699,10.3581,0.076056119,0.007582858,0.722652498,114.8836
903,180448,308.6407,0.921,11.19,182,129485,0,Ally,2019-06-30,12.73,166132,1095,44185,0.024782166,14316,11.8011,0.079335875,0.006973781,0.717575146,111.3131
929,181485,285.5363,0.9177,11.22,267,129609,0,Ally,2019-09-30,12.76,167035,1069,41260,0.025908871,14450,11.8177,0.079620905,0.007167712,0.714158195,108.705
1036,180644,275.763,0.9541,11.22,290,128389,0,Ally,2019-12-31,12.76,166228,1024,39754,0.025758414,14416,12.3898,0.07980337,0.008069227,0.71072939,106.3245
1396,182527,301.2723,0.5636,10.92,266,128374,0,Ally,2020-03-31,12.76,169008,957,40729,0.023496771,13519,7.5097,0.074065755,0.010874476,0.703315126,104.9459
1532,184061,238.8833,0.3737,11.85,178,118638,0,Ally,2020-06-30,13.79,170235,872,33028,0.026401841,13826,4.8397,0.075116402,0.012913232,0.644558054,90.5385
1493,185270,204.6014,0.4232,12.11,122,118469,0,Ally,2020-09-30,14.05,171144,770,28902,0.026641755,14126,5.4311,0.07624548,0.012602453,0.639439737,87.7951
1525,182165,165.4696,0.5981,12.37,198,118940,0,Ally,2020-12-31,14.15,167462,644,24329,0.026470467,14703,7.4522,0.080712541,0.012821591,0.652924546,86.7947
1439,181879,141.3949,1.2074,12.82,118,113706,0,Ally,2021-03-31,14.58,167254,557,20679,0.026935538,14625,15.6339,0.080410603,0.012655445,0.625173879,81.46
1283,180470,97.336,1.5686,13.92,-6,112626,0,Ally,2021-06-30,14.83,162940,498,17063,0.029185958,17530,18.2357,0.097135258,0.011391686,0.624070483,80.9653
1285,179184,87.4602,1.6984,12.81,54,114927,0,Ally,2021-09-30,14.56,161895,444,15121,0.029363137,17289,19.704,0.09648741,0.011181011,0.641390972,82.418
1452,182114,100.9032,1.68,11.89,103,122817,0,Ally,2021-12-31,13.47,165064,415,17204,0.024122297,17050,19.2738,0.093622676,0.011822468,0.674396257,86.7609
1388,184297,128.6901,1.5943,11.49,133,125836,0,Ally,2022-03-31,13.13,168884,401,19835,0.020216789,15413,19.4354,0.083631313,0.01103023,0.682789194,88.3215
1379,185703,177.0523,1.366,11.11,153,129255,0,Ally,2022-06-30,12.75,171719,467,24759,0.018861828,13984,15.8723,0.075303038,0.010668833,0.696030759,92.0613
1383,188640,191.6358,1.1353,10.77,276,133264,0,Ally,2022-09-30,12.39,176206,804,23828,0.033741816,12434,14.0497,0.06591391,0.010377897,0.706446141,91.4326
1454,191826,157.8505,0.9167,10.7,390,136402,0,Ally,2022-12-31,12.2,178967,1185,20298,0.058380136,12859,11.4614,0.067034709,0.010659668,0.711071492,89.5632
1384,196165,163.9632,0.7244,10.66,409,136828,0,Ally,2023-03-31,12.46,182787,1458,21935,0.066469113,13378,9.5724,0.068197691,0.010114889,0.697514847,88.8419
1454,197241,165.0532,0.6398,10.72,399,138746,0,Ally,2023-06-30,12.5,183709,1681,22335,0.07526304,13532,8.9039,0.068606426,0.010479581,0.70343387,89.9138
1454,195704,175.4854,0.6359,10.7,456,140549,0,Ally,2023-09-30,12.5,182879,1850,22506,0.082200302,12825,9.6758,0.065532641,0.010345147,0.71817132,91.9613
1486,196329,152.2805,0.5183,10.76,1431,139839,0,Ally,2023-12-31,12.41,182626,1908,20867,0.091436239,13703,7.5747,0.069796108,0.010626506,0.712268692,90.4135
1252,192877,124.5588,0.4339,10.8,539,138318,0,Ally,2024-03-31,12.5,179220,1922,17011,0.112985715,13657,6.2438,0.070806784,0.009051606,0.717130607,89.1891
1215,192531,137.9034,0.4151,11.03,435,139099,0,Ally,2024-06-30,12.7,178680,1866,19101,0.09769122,13851,5.9088,0.071941661,0.008734786,0.722475861,91.4199
1490,192981,126.1664,0.4477,11.2,517,137807,0,Ally,2024-09-30,12.9,178256,1885,18578,0.101464097,14725,6.3158,0.076302848,0.010812223,0.714096206,90.6923
1576,191836,137.5243,0.472,11.3,543,136190,0,Ally,2024-12-31,13.2,177933,1799,19120,0.094089958,13903,6.6362,0.072473363,0.011572068,0.709929315,89.8505