npl,total assets,debt to equity,ROA,ROE - COM,Tier 1 capital ratio,net charge offs,total loans,TBTF ,Bank,loan deposit ratio,date,risk based capital ratio
8316,2476986,329.1475,0.6848,7.6087,12.1,1269,730971,1,JPM,0.569866805,2014-03-31,14.5
7981,2520336,316.1226,0.6511,7.2542,11.1,1158,746983,1,JPM,0.566002981,2014-06-30,12.5
7494,2527005,298.8572,0.8854,10.0938,11.5,1114,743257,1,JPM,0.556941224,2014-09-30,12.7
7133,2573126,301.4517,0.8718,9.7456,12.7,1218,757336,1,JPM,0.555465016,2014-12-31,15
6961,2577148,295.6806,0.886,9.8515,12.3,1052,764185,1,JPM,0.558660913,2015-03-31,14.5
6883,2449599,277.891,0.9135,9.8058,13,1007,791247,1,JPM,0.614640978,2015-06-30,15.2
6644,2417121,265.8065,0.9684,10.2053,13.3,963,809457,1,JPM,0.635812729,2015-09-30,15.6
6429,2351698,223.0061,0.9926,10.3371,13.7,1064,837299,1,JPM,0.654285525,2015-12-31,16
7435,2423808,246.0783,0.9617,10.0351,13.5,1110,847313,1,JPM,0.641021897,2016-03-31,16.1
7185,2466096,253.6679,0.9748,9.9186,13.9,1181,872804,1,JPM,0.655771256,2016-06-30,16.3
7138,2521029,256.3608,0.9493,9.5972,13.6,1121,888054,1,JPM,0.645323361,2016-09-30,15.1
6883,2490972,244.6316,1.0215,10.1578,14.1,1280,894765,1,JPM,0.650653479,2016-12-31,15.5
6229,2546290,249.9982,1.0326,10.4718,14.3,1654,895974,1,JPM,0.629637828,2017-03-31,16.4
5891,2563174,245.379,1.0534,10.7208,14.4,1204,908767,1,JPM,0.63131924,2017-06-30,16.4
5633,2563074,243.6141,1.0596,10.8742,14.3,1265,913761,1,JPM,0.634985306,2017-09-30,16.4
5943,2533600,237.3022,0.9729,9.8596,13.9,1264,930697,1,JPM,0.644535043,2017-12-31,15.9
5883,2609785,248.7808,1.0359,10.7969,13.5,1299.5,934424,1,JPM,0.628411909,2018-03-31,15.3
5310,2590050,248.9629,1.0864,11.278,13.6,1335,948414,1,JPM,0.653122809,2018-06-30,15.5
4644,2615183,249.4883,1.1448,12.0128,13.6,1252,954318,1,JPM,0.654197189,2018-09-30,15.4
4831,2622532,250.3238,1.2596,13.3488,13.7,1033,984554,1,JPM,0.669461319,2018-12-31,15.5
5272,2737188,283.7533,1.2321,13.4875,13.8,1236,956245,1,JPM,0.64029647,2019-03-31,15.7
4870,2727379,262.3676,1.2892,13.915,14,1361,956889,1,JPM,0.627731226,2019-06-30,15.8
4951,2764661,268.8214,1.3003,14.2096,14.1,1403,945218,1,JPM,0.61970902,2019-09-30,15.9
4080,2687379,236.4857,1.3722,14.9067,14.1,1371,997620,1,JPM,0.638504996,2019-12-31,16
6613,3139431,283.7504,1.025,12.2058,13.3,1469,1015375,1,JPM,0.553033781,2020-03-31,15.5
9319,3213115,280.4841,0.8468,9.9412,14.3,1560,978518,1,JPM,0.506733974,2020-06-30,16.7
11002,3246076,254.4946,0.849,9.9791,15,1180,989740,1,JPM,0.49451988,2020-09-30,17.3
10573,3384757,239.0322,0.9595,11.3352,15,1050,1012853,1,JPM,0.472356159,2020-12-31,17.3
9706,3689336,282.6453,1.1881,16.1674,15,1057,1011307,1,JPM,0.443923301,2021-03-31,17.2
9072,3684256,259.9533,1.3868,18.8794,15.1,734,1040954,1,JPM,0.45156443,2021-06-30,17.1
8243,3757576,257.8715,1.4299,19.4558,15.8,524,1044615,1,JPM,0.434829935,2021-09-30,16.9
7795,3743567,232.0746,1.3561,18.2874,15,550,1077714,1,JPM,0.43768537,2021-12-31,16.8
7758,3954687,257.9428,1.1072,16.1275,13.7,582,1073285,1,JPM,0.419054376,2022-03-31,15.4
7162,3841314,253.7927,1.0369,14.6772,14.1,657,1104155,1,JPM,0.446747054,2022-06-30,15.7
6674,3773884,253.0279,0.9843,13.8022,14.1,727,1112633,1,JPM,0.461938915,2022-09-30,16
6720,3665743,236.0785,1.017,13.6939,14.9,887,1135647,1,JPM,0.485282109,2022-12-31,16.8
6895,3744305,248.215,1.0915,15.2215,15.4,1137,1128896,1,JPM,0.474874151,2023-03-31,17.4
7273,3868240,266.2388,1.241,17.1083,15.4,1411,1300069,1,JPM,0.541929801,2023-06-30,17.3
7520,3898333,276.0492,1.3361,18.1555,15.9,1497,1310059,1,JPM,0.550554606,2023-09-30,17.8
6917,3875393,251.4673,1.3142,16.8938,16.6,2164,1323706,1,JPM,0.551386103,2023-12-31,18.4
7677,4090727,296.1564,1.2852,16.6575,16.4,1956,1309616,1,JPM,0.539289716,2024-03-31,18.2
7791,4143003,318.3153,1.3488,17.354,16.7,2231,1320700,1,JPM,0.551088449,2024-06-30,18.5
8075,4210048,310.2803,1.3264,16.9557,16.4,2087,1340011,1,JPM,0.55126972,2024-09-30,18.2
8837,4002814,272.8264,1.4844,18.1918,16.8,2364,1347988,1,JPM,0.560253563,2024-12-31,18.5
82.872,18221.163,44.7519,0.7914,7.6409,12,7.785,13660.869,0,Wintrust Financial,0.902956466,2014-03-31,12.6
77.344,18895.681,50.7343,0.7914,7.7899,11.7,6.584,14388.777,0,Wintrust Financial,0.924944023,2014-06-30,13.2
73.78,19169.345,38.8698,0.7883,7.7953,11.5,6.989,14669.967,0,Wintrust Financial,0.913149229,2014-09-30,12.9
70.42,20010.727,63.9106,0.8062,7.805,11.7,5.868,14987.397,0,Wintrust Financial,0.920497519,2014-12-31,13
73.619,20382.271,46.7118,0.7946,7.5881,10.1,3.083,15609.108,0,Wintrust Financial,0.921501911,2015-03-31,12.5
66.339,20790.202,47.934,0.808,7.9743,10.7,3.854,16204.343,0,Wintrust Financial,0.948597734,2015-06-30,13.1
77.605,22035.216,47.5986,0.8126,7.5531,10.3,5.678,16831.825,0,Wintrust Financial,0.923381168,2015-09-30,12.6
73.072,22917.166,65.256,0.7736,7.2141,10,6.562,17654.828,0,Wintrust Financial,0.947166023,2015-12-31,12.2
76.532,23488.168,59.7518,0.7303,7.1624,9.6,3.493,17899.815,0,Wintrust Financial,0.931453862,2016-03-31,12.1
77.163,24420.616,48.5268,0.7605,7.2072,10.1,4.91,18834.159,0,Wintrust Financial,0.93974623,2016-06-30,12.4
75.314,25321.759,39.3912,0.7654,7.6877,9.8,5.713,19756.835,0,Wintrust Financial,0.934232897,2016-09-30,12.1
75.457,25668.553,30.0063,0.793,8.4641,9.7,2.767,20179.691,0,Wintrust Financial,0.931715863,2016-12-31,11.9
71.76,25778.893,31.0646,0.8516,8.615,10,1.594,20272.381,0,Wintrust Financial,0.93290242,2017-03-31,12.2
61.84,26929.265,34.997,0.8774,8.5737,9.8,5.256,21176.288,0,Wintrust Financial,0.936767961,2017-06-30,12
61.5,27358.162,38.3007,0.8997,8.9167,10,4.469,21329.664,0,Wintrust Financial,0.931627225,2017-09-30,12.2
80.936,27907.467,44.796,0.9245,9.064666667,10,3.691,21901.6515,0,Wintrust Financial,0.940819788,2017-12-31,12.1
77.899,28456.772,51.2913,0.938725,9.475813333,10,6.734,22473.639,0,Wintrust Financial,0.922355723,2018-03-31,12
114.844,29464.588,42.3389,0.95295,9.88696,10,1.1,23066.272,0,Wintrust Financial,0.925734873,2018-06-30,12.1
105.326,30142.731,43.4398,0.9814,10.29810667,10,4.668,23462.062,0,Wintrust Financial,0.899112915,2018-09-30,12
110.612,31244.849,37.1211,1.0383,10.70925333,9.7,7.158,24084.761,0,Wintrust Financial,0.898526126,2018-12-31,11.6
189.34,32358.621,40.3623,1.0952,11.1204,9.8,5.139,24463.186,0,Wintrust Financial,0.888962188,2019-03-31,11.7
114.284,33641.769,49.2407,1.1521,10.5973,9.6,22.29,25699.634,0,Wintrust Financial,0.895133917,2019-06-30,12.4
105.908,34911.902,47.4728,1.0846,10.5466,9.7,9.449,26174.898,0,Wintrust Financial,0.86939177,2019-09-30,12.4
160.415,36620.583,49.0225,1.0741,10.3594,9.6,12.669,27177.603,0,Wintrust Financial,0.863832455,2019-12-31,12.2
151.116,38799.847,63.5647,1.0482,9.415,9.3,5.285,28464.255,0,Wintrust Financial,0.798394356,2020-03-31,11.9
160.751,43540.017,60.8191,0.9257,7.2729,10.1,15.403,32236.066,0,Wintrust Financial,0.899332845,2020-06-30,12.8
114.15,43731.718,59.5414,0.6985,7.385,10.2,9.284,33095.226,0,Wintrust Financial,0.892231348,2020-09-30,12.9
94.115,45080.768,64.6346,0.7064,7.4724,10,10.337,33351.163,0,Wintrust Financial,0.880613351,2020-12-31,12.6
82.698,45682.202,57.2948,0.7172,9.6288,10.2,13.345,34431.426,0,Wintrust Financial,0.887302325,2021-03-31,12.6
83.94,46738.45,56.461,0.9075,11.179,10.1,1.922,33896.181,0,Wintrust Financial,0.848410783,2021-06-30,12.4
67.069,47832.271,55.2641,1.0341,11.5057,9.9,0.002,34189.355,0,Wintrust Financial,0.812183867,2021-09-30,12.1
44.899,50142.143,54.4668,1.0235,11.2504,9.6,6.181,35607.016,0,Wintrust Financial,0.843381995,2021-12-31,11.6
65.879,50250.661,53.7508,0.9791,10.4152,9.6,2.532,35887.092,0,Wintrust Financial,0.842552,2022-03-31,11.6
78.91,50969.332,49.4876,0.9181,9.7513,9.9,9.496,37566.335,0,Wintrust Financial,0.877775717,2022-06-30,11.9
67.1,52382.939,74.4745,0.8798,10.5957,9.9,3.169,38543.773,0,Wintrust Financial,0.898402971,2022-09-30,11.8
90.218,52949.649,75.5735,0.9253,11.374,10,5.079,39496.42,0,Wintrust Financial,0.924580386,2022-12-31,11.9
93.549,52873.511,71.5915,0.9888,12.3123,10.1,5.465,39867.964,0,Wintrust Financial,0.9052937,2023-03-31,12.1
104.85,54286.176,67.0873,1.0909,13.2989,10.1,17.03,41362.136,0,Wintrust Financial,0.919307996,2023-06-30,11.9
118.743,55555.246,72.9994,1.1833,13.9546,10.2,8.118,41750.84,0,Wintrust Financial,0.919679354,2023-09-30,12
122.408,56259.934,68.2983,1.1932,12.691,10.3,14.889,42424.553,0,Wintrust Financial,0.913360518,2023-12-31,12.1
151.399,57576.933,72.5423,1.1402,12.5016,10.3,21.75,43570.59,0,Wintrust Financial,0.906794448,2024-03-31,12.2
161.059,59781.516,78.2889,1.1403,12.2908,10.3,29.986,45087.382,0,Wintrust Financial,0.877101679,2024-06-30,12.1
154.641,63788.424,68.286,1.1,11.4293,10.6,26.735,47528.514,0,Wintrust Financial,0.905092134,2024-09-30,12.2
154.641,64879.668,66.7995,1.0611,12.2189,10.7,15.925,48386.298,0,Wintrust Financial,0.921427034,2024-12-31,12.3
17109,2149851,258.0461,1.1475,3.8696,11.9,1388,928534,1,Bank of America,0.819065849,2014-03-31,14.8
14676,2170557,256.5656,0.3703,3.1505,12.5,1073,921099,1,Bank of America,0.812021027,2014-06-30,15.3
13540,2123613,242.2405,0.2457,1.9257,12.8,1043,899224,1,Bank of America,0.808668493,2014-09-30,15.8
11932,2104534,225.8092,0.2298,1.7087,13.1,879,894227,1,Bank of America,0.799176182,2014-12-31,14.6
11205,2143545,219.7056,0.3823,3.1439,12.3,1194,887688,1,Bank of America,0.769782027,2015-03-31,15.3
10747,2149034,226.0746,0.5116,4.331,12.5,1068,893363,1,Bank of America,0.77713473,2015-06-30,15.5
9799,2153006,213.0853,0.7436,6.3534,12.9,932,896531,1,Bank of America,0.771535332,2015-09-30,15.8
9377,2144287,197.5657,0.7595,6.3969,12.9,1144,904436,1,Bank of America,0.755422177,2015-12-31,15.7
8850,2185498,200.4342,0.7627,6.4119,11.5,1068,907305,1,Bank of America,0.745366031,2016-03-31,13.5
8364,2186609,192.8386,0.7454,6.1833,13.4,985,912001,1,Bank of America,0.7499447,2016-06-30,16.3
8349,2195314,187.8008,0.7586,6.204,13.7,888,915594,1,Bank of America,0.742637451,2016-09-30,16.4
7707,2188067,178.0984,0.8192,6.7651,13.6,880,915749,1,Bank of America,0.726246576,2016-12-31,16.3
7274,2247701,197.2486,0.8847,7.4301,13.6,934,920993,1,Bank of America,0.723970849,2017-03-31,16.3
6802,2254529,197.3368,0.8977,7.4674,14,908,922548,1,Bank of America,0.730453372,2017-06-30,16.7
6570,2283896,197.3027,0.911,7.5608,14,900,940360,1,Bank of America,0.73212983,2017-09-30,16.5
6470,2281234,193.9464,0.8159,6.8415,13.4,1237,948179,1,Bank of America,0.724052247,2017-12-31,15.9
6378,2328478,206.2455,0.8659,7.5433,13,911,943305,1,Bank of America,0.709965048,2018-03-31,15.4
5897,2291670,201.4064,0.9454,8.2144,13,996,942335,1,Bank of America,0.719509411,2018-06-30,15.3
5154,2338833,200.1461,1.0052,8.8724,12.9,932,935377,1,Bank of America,0.695112173,2018-09-30,15.2
4944,2354507,190.2335,1.2143,10.945,13.2,924,957262,1,Bank of America,0.692926985,2018-12-31,15.4
4850,2377164,198.7667,1.213,11.1366,13.1,991,951912,1,Bank of America,0.690122863,2019-03-31,15.4
4187,2395892,203.602,1.2418,11.3656,13.3,887,969216,1,Bank of America,0.704836691,2019-06-30,15.6
3476,2426330,210.4893,1.1632,10.8495,12.9,811,982721,1,Bank of America,0.705553992,2019-09-30,15.2
3552,2434079,197.7036,1.1456,10.7339,12.6,959,992584,1,Bank of America,0.691791138,2019-12-31,14.8
4056,2619954,201.5809,0.9657,9.3259,12.3,1122,1058647,1,Bank of America,0.668622677,2020-03-31,14.6
4393,2741688,203.1238,0.7908,7.7087,13.2,1146,1006325,1,Bank of America,0.585526798,2020-06-30,15.8
4550,2738452,204.2157,0.7519,7.3492,13.5,972,959606,1,Bank of America,0.563519449,2020-09-30,16.1
4952,2819627,195.7952,0.6812,6.7261,13.5,909,937104,1,Bank of America,0.521923942,2020-12-31,16.1
5162,2970028,209.9146,0.7848,8.3441,13.3,823,910983,1,Bank of America,0.483286772,2021-03-31,15.6
4907,3029894,223.7703,0.9573,10.5556,13,595,927205,1,Bank of America,0.485665812,2021-06-30,15.1
4714,3085446,227.0186,1.0452,11.7271,12.6,463,937151,1,Bank of America,0.476969204,2021-09-30,14.7
4567,3128528,225.0365,1.0752,12.377,12.1,362,953792,1,Bank of America,0.471362441,2021-12-31,14.1
4625,3238223,238.2841,0.9985,12.1011,12,392,1003415,1,Bank of America,0.484178075,2022-03-31,14
4164,3111606,224.8798,0.9124,10.7624,12.3,571,1037420,1,Bank of America,0.522801181,2022-06-30,14.2
3983,3072953,219.1126,0.8901,10.5776,12.8,520,1040095,1,Bank of America,0.536657866,2022-09-30,14.7
3808,3051375,215.7077,0.8909,10.6149,13,689,1052618,1,Bank of America,0.545301581,2022-12-31,14.9
3918,3194657,266.6951,0.8899,11.0206,13.1,807,1053215,1,Bank of America,0.551305432,2023-03-31,15
4126,3123198,251.8486,0.9554,11.4127,13.3,869,1058012,1,Bank of America,0.56360906,2023-06-30,15.1
4833,3153090,255.7193,0.9799,11.5947,13.6,931,1056740,1,Bank of America,0.560723463,2023-09-30,15.4
5485,3180151,248.0751,0.851,9.7888,13.5,1192,1059734,1,Bank of America,0.550846828,2023-12-31,15.2
5883,3273803,265.447,0.7738,9.0345,13.6,1498,1057727,1,Bank of America,0.543400552,2024-03-31,15.2
5473,3257996,271.989,0.7684,8.7434,13.5,1533,1063828,1,Bank of America,0.556834866,2024-06-30,15.1
5629,3324293,280.4747,0.729,8.2702,13.2,1534,1086151,1,Bank of America,0.562669917,2024-09-30,14.9
5975,3261519,257.1757,0.8424,9.5223,13.2,1466,1105380,1,Bank of America,0.562400692,2024-12-31,15.1
14.34,3542.061,40.9765,0.8395,7.92,17.35,1.141,2232.632,0,Busey,0.762726357,2014-03-31,18.64
11.232,3507.449,45.8243,0.8812,8.3142,17.2,0.998,2324.068,0,Busey,0.81217727,2014-06-30,18.49
8.681,3520.917,56.341,0.9103,8.7681,17.37,0.414,2379.915,0,Busey,0.842330309,2014-09-30,18.66
9,3665.607,70.0797,0.9097,9.1085,17.38,-0.439,2415.69,0,Busey,0.832753043,2014-12-31,18.66
10.202,3937.184,65.6378,0.873,8.9314,16.36,0.301,2484.851,0,Busey,0.780446216,2015-03-31,17.64
8.377,3885.274,63.1178,0.9306,9.3013,16.18,-0.068,2514.576,0,Busey,0.801908321,2015-06-30,17.46
7.875,3863.565,63.4721,0.9727,9.655,15.8,0.608,2581.014,0,Busey,0.829766631,2015-09-30,17.07
12.748,3998.976,82.5251,1.0178,11.5816,13.29,2.407,2637.09,0,Busey,0.801764978,2015-12-31,14.55
17.368,3890.63,78.5727,1.0649,10.9704,13.76,3.316,2585.512,0,Busey,0.812612517,2016-03-31,15.02
22.443,5510.199,83.4404,0.9393,9.1414,12.59,0.913,4059.091,0,Busey,0.925780059,2016-06-30,13.65
16.253,5592.241,102.319,1.0348,10.0796,12.8,-0.539,4073.995,0,Busey,0.939464859,2016-09-30,13.91
21.423,5425.17,69.8326,1.0546,11.1068,12.92,1.552,4135.219,0,Busey,0.945344602,2016-12-31,14.04
20.544,5438.935,52.1268,1.1668,11.0449,13.69,-0.147,3969.396,0,Busey,0.884930988,2017-03-31,14.87
18.935,5531.367,77.9475,1.0601,9.7443,13.6,-0.259,4088.879,0,Busey,0.930514732,2017-06-30,16.18
27.43,6913.789,78.5832,0.9897,8.6427,12.26,-0.34,5225.56,0,Busey,0.972507869,2017-09-30,14.38
24.624,7860.64,80.1808,0.9443,8.2031,12.14,0.262,5614.348,0,Busey,0.916483852,2017-12-31,14.15
32.588,7778.746,48.8753,1.0512,8.9962,12.32,1.941,5560.487,0,Busey,0.878271076,2018-03-31,14.32
25.215,7775.544,64.284,1.1702,9.9161,12.44,1.602,5589.261,0,Busey,0.906771706,2018-06-30,14.42
40.395,7889.385,69.5013,1.161,9.5045,12.5,1.32,5656.358,0,Busey,0.912968284,2018-09-30,14.34
34.997,7702.357,40.769,1.2713,10.2518,12.99,2.5,5594.323,0,Busey,0.895188933,2018-12-31,14.83
36.23,9537.334,43.6888,1.1836,9.6303,12.42,1.844,6535.372,0,Busey,0.841837143,2019-03-31,13.95
32.816,9612.667,40.6232,1.1698,9.4135,12.43,2.057,6571.733,0,Busey,0.838956562,2019-06-30,13.96
31.827,9753.76,40.9198,1.1299,9.1103,12.42,1.821,6739.76,0,Busey,0.849856742,2019-09-30,13.95
27.896,9695.729,39.1192,1.1835,9.2943,12.49,1.584,6755.948,0,Busey,0.854924,2019-12-31,14.03
25.672,9721.405,33.1542,0.9642,7.7253,12.2,3.413,6835.442,0,Busey,0.857298664,2020-03-31,13.85
25.095,10835.965,44.9583,0.9249,7.7525,12.73,1.229,7337.16,0,Busey,0.823505617,2020-06-30,16.23
23.898,10539.628,40.7629,0.9912,8.1378,13.08,2.754,7209.083,0,Busey,0.834123846,2020-09-30,16.63
22.93,10544.047,38.2884,0.9916,8.0581,13.44,0.934,6856.99,0,Busey,0.79017162,2020-12-31,17.04
21.706,10759.563,41.118,1.1991,9.8893,13.84,0.309,6817.572,0,Busey,0.768276938,2021-03-31,17.39
27.725,12415.449,43.9962,1.0903,9.8193,13.18,1.011,7203.484,0,Busey,0.696856193,2021-06-30,16.41
25.369,12899.33,46.0145,1.0399,9.4151,12.84,0.739,7170.86,0,Busey,0.662871895,2021-09-30,15.91
15.946,12859.689,48.4277,1.055,9.5358,12.73,0.179,7212.873,0,Busey,0.669807441,2021-12-31,15.7
12.488,12567.509,50.891,0.978,9.1851,12.76,-0.579,7279.638,0,Busey,0.687287643,2022-03-31,15.8
15.84,12356.433,55.2911,0.9214,9.1026,12.62,1.109,7502.591,0,Busey,0.721595314,2022-06-30,16.58
15.425,12497.388,53.1122,0.9753,10.153,12.62,0.399,7674.66,0,Busey,0.72392912,2022-09-30,15.98
15.067,12336.677,80.0804,1.0185,10.4103,12.78,-0.027,7726.955,0,Busey,0.767226708,2022-12-31,16.12
14.714,12344.555,96.8224,1.0971,11.31,12.99,0.834,7786.522,0,Busey,0.794448295,2023-03-31,16.4
15.209,12209.029,62.0132,1.1089,11.5231,13.17,0.715,7806.829,0,Busey,0.775814278,2023-06-30,16.56
11.298,12258.25,43.9519,1.06,11.4251,13.33,0.293,7859.211,0,Busey,0.760640307,2023-09-30,16.72
7.441,12283.415,41.1625,0.9957,10.1379,13.93,0.869,7653.413,0,Busey,0.743688367,2023-12-31,17.44
17.465,11887.458,35.3339,0.9244,9.0282,14.115,5.216,7594.904,0,Busey,0.76252594,2024-03-31,17.95
8.393,11971.416,34.0146,0.9098,8.6757,14.3,15.072,8010.198,0,Busey,0.802936007,2024-06-30,17.5
8.192,11986.839,31.5161,0.9184,8.5872,14.04,0.247,7820.62,0,Busey,0.786526244,2024-09-30,18.19
23.237,12046.722,33.9188,0.9346,8.5635,14.65,2.85,7700.744,0,Busey,0.771425165,2024-12-31,18.53
259.9,103832.6,80.6223,0.7601,9.4651,13,1.5,29660.8,0,Northern Trust,0.343822775,2014-03-31,15.5
229.3,105761.2,67.978,0.7286,9.2255,12.9,5.9,30697.6,0,Northern Trust,0.345450556,2014-06-30,14.9
220.5,111153.7,79.4173,0.7121,9.0826,13.4,5.2,30719.9,0,Northern Trust,0.334922184,2014-09-30,15.3
215.7,109946.5,81.5787,0.7626,9.8795,13.2,5.4,31640.2,0,Northern Trust,0.34862545,2014-12-31,15
219.6,106952,82.153,0.817,10.2874,12.4,4.6,32630.2,0,Northern Trust,0.376199178,2015-03-31,14.2
208.7,119942.9,78.1868,0.8404,11.1709,11.2,2.6,32953.8,0,Northern Trust,0.327286596,2015-06-30,13.2
198.6,119995.2,91.9517,0.8466,11.3619,11,9.4,33378.4,0,Northern Trust,0.333998093,2015-09-30,12.8
180.1,116749.6,93.0312,0.8591,11.476,11.4,2.9,33180.9,0,Northern Trust,0.342534085,2015-12-31,13.2
164,117798.8,90.1164,0.8796,11.5002,12.1,2.7,34144.9,0,Northern Trust,0.349631782,2016-03-31,13.6
152.2,121509.6,112.847,0.8137,11.193,12,2.4,34557.1,0,Northern Trust,0.348755486,2016-06-30,13.5
173.3,120085,82.0205,0.8375,11.3304,13.1,-0.8,33423,0,Northern Trust,0.336006466,2016-09-30,14.5
160.2,123926.9,91.0188,0.858,11.5678,12.9,10.9,33822.1,0,Northern Trust,0.332725375,2016-12-31,14.5
179.9,121488.7,79.9363,0.8886,11.5287,13.4,2,33471.8,0,Northern Trust,0.332955003,2017-03-31,15
159,125605.7,80.6563,0.8645,11.4515,13.5,3.2,33499,0,Northern Trust,0.321142034,2017-06-30,15.6
137.3,131400.2,119.5884,0.8819,11.6278,13.4,-1.6,33336.1,0,Northern Trust,0.315054446,2017-09-30,15.4
150.7,138590.5,121.3318,0.9135,12.456,13.8,6.6,32592.2,0,Northern Trust,0.289989928,2017-12-31,15.8
124.7,129672.2,42.4447,1.0388,13.4905,13.6,3,32108.9,0,Northern Trust,0.305242634,2018-03-31,15.5
128.4,135106.2,145.0548,1.0947,14.6366,13.6,0.1,32473.2,0,Northern Trust,0.304841403,2018-06-30,15.6
113.6,132378.5,57.7076,1.1397,15.3695,14.2,-0.3,31354,0,Northern Trust,0.298918976,2018-09-30,16.2
109.3,132212.5,58.6565,1.1495,15.7707,14.1,-1.7,32490,0,Northern Trust,0.310918612,2018-12-31,16.1
116.1,121869.4,43.6003,1.2101,14.5921,14.3,-1.2,30620.6,0,Northern Trust,0.319483078,2019-03-31,16.3
115.1,126550.9,46.0506,1.1625,15.0162,14.5,-1.2,30982.3,0,Northern Trust,0.309110809,2019-06-30,16.4
113.1,124355.8,46.7428,1.1927,14.4488,14.1,-0.6,30844.2,0,Northern Trust,0.317117706,2019-09-30,16
83.6,136828.4,50.8926,1.1093,13.7944,14.5,0.7,31409.6,0,Northern Trust,0.287842992,2019-12-31,16.3
103.9,161709.2,78.5582,1.0619,13.3013,12.8,-2.6,37837.7,0,Northern Trust,0.28775842,2020-03-31,14.5
98.5,151432.9,51.8055,1.0285,12.7197,14.6,0.7,33757.3,0,Northern Trust,0.276576535,2020-06-30,16.5
98,152082,65.6597,0.9691,11.3202,14.5,-2.6,32766.3,0,Northern Trust,0.267285591,2020-09-30,16.5
131.7,170003.9,47.8265,0.7882,10.018,13.9,-0.4,33759.7,0,Northern Trust,0.234641154,2020-12-31,15.6
123.8,163924.1,86.9191,0.7516,10.4757,13,-0.9,34344.3,0,Northern Trust,0.249854137,2021-03-31,14.5
106.5,172291.1,42.3615,0.7899,10.559,13.1,-3.2,37406.6,0,Northern Trust,0.255841248,2021-06-30,14.5
141,169085.7,38.1551,0.8592,11.301,12.9,-1.1,39456.6,0,Northern Trust,0.278011,2021-09-30,14.3
122.3,183889.8,40.3302,0.8733,12.5763,12.9,-1.1,40480.6,0,Northern Trust,0.25311702,2021-12-31,14.1
100.8,172565,64.2903,0.9269,13.1663,12.4,-3.2,39239.1,0,Northern Trust,0.262241562,2022-03-31,13.6
89.7,157786.3,50.4847,0.962,13.3974,11.5,-5.5,41207.8,0,Northern Trust,0.308269484,2022-06-30,12.6
76.4,159839.6,78.8902,0.9648,13.3665,11.1,4.5,43991.9,0,Northern Trust,0.34222318,2022-09-30,12.2
45.9,155036.7,69.9916,0.7884,11.0191,11.8,4.95,42893.3,0,Northern Trust,0.346103229,2022-12-31,13.9
48.9,151108,83.625,0.7917,10.676,12.3,2.9,42369.5,0,Northern Trust,0.37255314,2023-03-31,14.4
47.1,156752.5,129.9759,0.7738,10.2444,12.3,2.4,43546.7,0,Northern Trust,0.384675929,2023-06-30,14.4
68.8,146330.6,108.3361,0.7512,9.5824,12.4,1.9,43577,0,Northern Trust,0.395557972,2023-09-30,14.5
63.6,150783.1,145.6501,0.7242,9.1022,12.3,2.4,47617,0,Northern Trust,0.409911849,2023-12-31,14.2
37,156111,135.9352,0.6428,7.8922,12.4,10.4,47342.6,0,Northern Trust,0.381974751,2024-03-31,14.2
38.5,156797.1,131.768,0.9898,12.3123,13.5664,-0.1,42135.2,0,Northern Trust,0.342587948,2024-06-30,15.5307
39.3,155753.8,131.2574,1.1181,13.2705,13.6,-2.4,41950.3,0,Northern Trust,0.346172286,2024-09-30,15.6
56,155508.4,125.8836,1.3263,15.9807,13.3,3.4,43390.6,0,Northern Trust,0.35425901,2024-12-31,15.1
1619,371289,127.6349,1.5976,15.3728,11.4,341,240218,1,US Bank,15.3728,2014-03-31,13.5
1596,389065,126.7506,1.5666,15.2619,11.3,349,246892,1,US Bank,15.2619,2014-06-30,13.2
1567,391284,138.7506,1.5477,15.0909,11.3,336,249530,1,US Bank,15.0909,2014-09-30,13.6
1466,402529,140.7195,1.5266,14.9079,11.3,308,252643,1,US Bank,14.9079,2014-12-31,13.6
1350,410233,140.8429,1.506,14.6928,11.1,279,253313,1,US Bank,14.6928,2015-03-31,13.3
1239,419075,136.9083,1.4535,14.4949,11,296,257137,1,US Bank,14.4949,2015-06-30,13.1
1242,415943,129.8294,1.4596,14.3572,11.1,292,259263,1,US Bank,14.3572,2015-09-30,13.1
1192,421853,128.0625,1.4263,14.1996,11.3,305,264033,1,US Bank,14.1996,2015-12-31,13.3
1425,428638,123.7503,1.3909,13.859,11.1,315,268527,1,US Bank,13.859,2016-03-31,13.1
1389,438463,115.2928,1.3697,13.7507,11.1,317,272832,1,US Bank,13.7507,2016-06-30,13.4
1400,454134,110.8969,1.353,13.6282,11.1,315,276864,1,US Bank,13.6282,2016-09-30,13.3
1368,445964,98.6502,1.357,13.6222,11,322,278033,1,US Bank,13.6222,2016-12-31,13.2
1290,449522,99.3765,1.3608,13.5638,11,335,276315,1,US Bank,13.5638,2017-03-31,13.3
1142,463844,106.6947,1.3195,13.366,11.1,340,280944,1,US Bank,13.366,2017-06-30,13.2
1035,459227,102.0668,1.3169,13.3646,11.1,330,282476,1,US Bank,13.3646,2017-09-30,13.2
1008,462040,98.4778,1.3696,13.9046,10.8,325,283986,1,US Bank,13.9046,2017-12-31,12.9
1024,460119,102.1922,1.4115,14.2756,10.4,341,282688,1,US Bank,14.2756,2018-03-31,12.5
912,461329,110.0503,1.4419,14.6581,10.5,332,283433,1,US Bank,14.6581,2018-06-30,12.6
813,464607,126.9669,1.4985,15.1579,10.6,328,285994,1,US Bank,15.1579,2018-09-30,12.6
817,467374,107.3988,1.527,15.3672,10.7,353,288866,1,US Bank,15.3672,2018-12-31,12.6
858,475775,109.084,1.5215,15.2011,10.9,367,290424,1,US Bank,15.2011,2019-03-31,12.8
803,481719,107.2488,1.5251,15.0925,14.3,350,295847,1,US Bank,15.0925,2019-06-30,13
829,487671,105.0695,1.5298,15.189,11.2,352,299166,1,US Bank,15.189,2019-09-30,13.2
692,495426,123.7277,1.4362,14.5432,10.7,385,301680,1,US Bank,14.5432,2019-12-31,12.7
815,542909,150.7649,1.2538,13.2797,10.5,393,322928,1,US Bank,13.2797,2020-03-31,12.7
1071,546652,120.3773,1.0218,10.6719,10.6,437,318513,1,US Bank,10.6719,2020-06-30,12.8
1181,540455,105.5851,0.9582,9.824,11,515,314603,1,US Bank,9.824,2020-09-30,13.1
1224,553905,101.0647,0.9452,9.981,11.3,441,306468,1,US Bank,9.981,2020-12-31,13.4
1128,553375,94.6643,1.107,12.5647,11.5,223,303418,1,US Bank,12.5647,2021-03-31,13.5
1018,558886,92.732,1.3317,15.1464,11.5,180,302768,1,US Bank,15.1464,2021-06-30,13.4
906,567495,95.1837,1.4096,15.8542,11.7,147,303799,1,US Bank,15.8542,2021-09-30,13.4
834,573284,81.4108,1.4129,15.9667,11.6,132,319803,1,US Bank,15.9667,2021-12-31,13.4
765,586517,104.4612,1.2703,15.3798,11.5,162,322255,1,US Bank,15.3798,2022-03-31,13.4
725,591381,110.8052,1.1804,14.5768,11.4,153,336312,1,US Bank,14.5768,2022-06-30,13.2
630,600973,119.4172,1.1251,14.1504,11.2,162,346355,1,US Bank,14.1504,2022-09-30,13.3
972,674805,141.601,0.9334,11.948,9.8,578,390413,1,US Bank,11.948,2022-12-31,11.9
1139,682377,185.0563,0.9403,12.4854,10,373,390247,1,US Bank,12.4854,2023-03-31,12.1
1041,680825,145.1219,0.9112,12.4332,10.6,649,381789,1,US Bank,12.4332,2023-06-30,12.7
1267,729625,236.2164,0.8277,11.8696,11.2,420,439156,1,US Bank,11.8696,2023-09-30,13.4
1449,663491,122.223,0.8113,10.978,11.5,463,376036,1,US Bank,10.978,2023-12-31,13.7
1741,683606,124.5605,0.7394,9.8788,11.6,488,376668,1,US Bank,9.8788,2024-03-31,13.7
1810,680058,121.7843,0.7777,10.2844,11.9,538,378715,1,US Bank,10.2844,2024-06-30,14
1809,686469,132.4101,0.7744,10.4044,12.2,564,377375,1,US Bank,10.4044,2024-09-30,14.2
1793,678318,126.8445,0.9389,11.8379,12.2,562,382405,1,US Bank,11.8379,2024-12-31,14.3